-- phpMyAdmin SQL Dump
-- version 4.9.2
-- https://www.phpmyadmin.net/
--
-- Host: 127.0.0.1
-- Generation Time: Mar 17, 2020 at 04:13 PM
-- Server version: 10.4.11-MariaDB
-- PHP Version: 7.4.1

SET SQL_MODE = "NO_AUTO_VALUE_ON_ZERO";
SET AUTOCOMMIT = 0;
START TRANSACTION;
SET time_zone = "+00:00";


/*!40101 SET @OLD_CHARACTER_SET_CLIENT=@@CHARACTER_SET_CLIENT */;
/*!40101 SET @OLD_CHARACTER_SET_RESULTS=@@CHARACTER_SET_RESULTS */;
/*!40101 SET @OLD_COLLATION_CONNECTION=@@COLLATION_CONNECTION */;
/*!40101 SET NAMES utf8mb4 */;

--
-- Database: `eapi`
--

-- --------------------------------------------------------

--
-- Table structure for table `failed_jobs`
--

CREATE TABLE `failed_jobs` (
  `id` bigint(20) UNSIGNED NOT NULL,
  `connection` text COLLATE utf8mb4_unicode_ci NOT NULL,
  `queue` text COLLATE utf8mb4_unicode_ci NOT NULL,
  `payload` longtext COLLATE utf8mb4_unicode_ci NOT NULL,
  `exception` longtext COLLATE utf8mb4_unicode_ci NOT NULL,
  `failed_at` timestamp NOT NULL DEFAULT current_timestamp()
) ENGINE=InnoDB DEFAULT CHARSET=utf8mb4 COLLATE=utf8mb4_unicode_ci;

-- --------------------------------------------------------

--
-- Table structure for table `migrations`
--

CREATE TABLE `migrations` (
  `id` int(10) UNSIGNED NOT NULL,
  `migration` varchar(255) COLLATE utf8mb4_unicode_ci NOT NULL,
  `batch` int(11) NOT NULL
) ENGINE=InnoDB DEFAULT CHARSET=utf8mb4 COLLATE=utf8mb4_unicode_ci;

--
-- Dumping data for table `migrations`
--

INSERT INTO `migrations` (`id`, `migration`, `batch`) VALUES
(1, '2014_10_12_000000_create_users_table', 1),
(2, '2014_10_12_100000_create_password_resets_table', 1),
(3, '2019_08_19_000000_create_failed_jobs_table', 1),
(4, '2020_03_17_134858_create_products_table', 1),
(5, '2020_03_17_134946_create_reviews_table', 1);

-- --------------------------------------------------------

--
-- Table structure for table `password_resets`
--

CREATE TABLE `password_resets` (
  `email` varchar(255) COLLATE utf8mb4_unicode_ci NOT NULL,
  `token` varchar(255) COLLATE utf8mb4_unicode_ci NOT NULL,
  `created_at` timestamp NULL DEFAULT NULL
) ENGINE=InnoDB DEFAULT CHARSET=utf8mb4 COLLATE=utf8mb4_unicode_ci;

-- --------------------------------------------------------

--
-- Table structure for table `products`
--

CREATE TABLE `products` (
  `id` int(10) UNSIGNED NOT NULL,
  `name` varchar(255) COLLATE utf8mb4_unicode_ci NOT NULL,
  `detail` text COLLATE utf8mb4_unicode_ci NOT NULL,
  `price` int(11) NOT NULL,
  `stock` int(11) NOT NULL,
  `discount` int(11) NOT NULL,
  `user_id` int(10) UNSIGNED NOT NULL,
  `created_at` timestamp NULL DEFAULT NULL,
  `updated_at` timestamp NULL DEFAULT NULL
) ENGINE=InnoDB DEFAULT CHARSET=utf8mb4 COLLATE=utf8mb4_unicode_ci;

--
-- Dumping data for table `products`
--

INSERT INTO `products` (`id`, `name`, `detail`, `price`, `stock`, `discount`, `user_id`, `created_at`, `updated_at`) VALUES
(1, 'hic', 'Non recusandae iusto velit tenetur et odit velit. Voluptas vitae delectus natus ad ipsam amet ab.', 808, 8, 3, 3, '2020-03-17 13:10:28', '2020-03-17 13:10:28'),
(2, 'est', 'Nostrum nulla commodi a in rerum non ea. Voluptas nihil est nihil ut voluptatem velit in. Qui fugit nihil at voluptatem rerum corrupti. Sunt vero eaque sed cumque earum doloribus totam ab.', 541, 8, 9, 5, '2020-03-17 13:10:28', '2020-03-17 13:10:28'),
(3, 'ipsam', 'Voluptatum reiciendis quibusdam beatae consequuntur corporis omnis voluptatibus. Perferendis explicabo quo corporis ut distinctio quae. Excepturi consequatur sit dolore qui.', 412, 4, 6, 2, '2020-03-17 13:10:28', '2020-03-17 13:10:28'),
(4, 'nihil', 'Enim repellendus inventore ut dolor facilis. Et quam ullam architecto. Dolor atque aut et nostrum saepe ex. Vel quo ducimus voluptatem dolores quisquam dolorum.', 237, 4, 28, 2, '2020-03-17 13:10:28', '2020-03-17 13:10:28'),
(5, 'doloribus', 'Expedita dolor qui porro culpa accusamus iure. Libero cupiditate minima pariatur et aspernatur vitae vel laboriosam. Quaerat ut dolor vel magnam dolor est. Cumque ex magnam sint distinctio et magnam iure. Molestiae quae maxime ipsa numquam accusamus ut quia.', 364, 1, 5, 2, '2020-03-17 13:10:28', '2020-03-17 13:10:28'),
(6, 'rerum', 'Nemo aut enim consectetur tenetur esse ullam. Rerum quo debitis ullam ut et. Et non et exercitationem placeat ullam. Saepe veniam distinctio est ut est.', 861, 5, 26, 2, '2020-03-17 13:10:28', '2020-03-17 13:10:28'),
(7, 'perferendis', 'Vel optio nisi odio. Dolorem dolor ut et temporibus. Quisquam nostrum minima qui voluptatibus nesciunt dignissimos rerum qui. Numquam facilis nam enim eum natus quo.', 838, 2, 12, 3, '2020-03-17 13:10:28', '2020-03-17 13:10:28'),
(8, 'quis', 'Vel qui perferendis quisquam aspernatur quia molestias. Nostrum molestias qui sed earum. Sed velit repudiandae quis dignissimos nam aut eum aut. Expedita modi nostrum dolor fugiat accusamus.', 464, 1, 7, 2, '2020-03-17 13:10:28', '2020-03-17 13:10:28'),
(9, 'nihil', 'Tempora architecto accusantium et est ratione sit nemo. Enim praesentium eos dolorem praesentium. Nostrum repudiandae id aspernatur. Possimus eum aliquam sed autem laborum quis eius facere.', 748, 7, 28, 2, '2020-03-17 13:10:28', '2020-03-17 13:10:28'),
(10, 'est', 'Numquam voluptatem velit ipsa ea rerum eum nobis dolorum. Officia labore atque omnis aut dolorum incidunt aut. Dolorem dolores aspernatur ut qui natus sit.', 757, 2, 8, 4, '2020-03-17 13:10:28', '2020-03-17 13:10:28'),
(11, 'nemo', 'Ducimus dolorem quasi fuga et rem deleniti voluptas. Id explicabo nam beatae corporis repellat odit sunt. Dolor minima doloribus saepe aperiam eum. Quia est debitis nam. Tempore atque eos illum officiis quia numquam dolores.', 399, 1, 22, 2, '2020-03-17 13:10:28', '2020-03-17 13:10:28'),
(12, 'enim', 'Aut consequatur quod aut. Atque sint magni consectetur incidunt non. Sit animi qui pariatur pariatur quo eaque iusto.', 495, 6, 14, 5, '2020-03-17 13:10:28', '2020-03-17 13:10:28'),
(13, 'quidem', 'Iusto animi voluptate qui nihil. Dignissimos alias mollitia aut unde ratione eligendi. Consequatur placeat non reprehenderit.', 826, 2, 29, 2, '2020-03-17 13:10:28', '2020-03-17 13:10:28'),
(14, 'et', 'Et cumque quae sunt vel. Aliquid est et aut nobis. Voluptas aut quisquam voluptas amet deserunt. Quia autem minus consequatur veniam cupiditate eius.', 282, 1, 18, 2, '2020-03-17 13:10:28', '2020-03-17 13:10:28'),
(15, 'quis', 'Libero quasi est est et ullam. Quibusdam ea rem porro non repellendus velit accusamus odio. Quod error saepe explicabo consequatur non voluptatem. Perferendis omnis omnis autem aut illo et consequatur.', 102, 8, 29, 5, '2020-03-17 13:10:28', '2020-03-17 13:10:28'),
(16, 'maiores', 'Unde dolorem qui rerum earum a est odit. Et beatae voluptas repudiandae nostrum assumenda dicta sed. Natus corporis enim iste aspernatur.', 947, 7, 8, 4, '2020-03-17 13:10:28', '2020-03-17 13:10:28'),
(17, 'voluptatibus', 'Iure eaque et est non dicta commodi. Modi nihil qui at nemo quod dolorem. Molestias ut odit laboriosam incidunt hic velit et dignissimos. Nesciunt nostrum rerum non sint quis odio quas.', 381, 2, 3, 1, '2020-03-17 13:10:28', '2020-03-17 13:10:28'),
(18, 'nihil', 'Totam est dolorum exercitationem sit deserunt fugiat itaque. Sed rerum sunt distinctio ut. Voluptatem eveniet quae voluptas tenetur.', 102, 9, 28, 1, '2020-03-17 13:10:28', '2020-03-17 13:10:28'),
(19, 'consequatur', 'Omnis quaerat laudantium non molestiae qui voluptas. Quisquam eos et non cupiditate cum.', 209, 0, 27, 1, '2020-03-17 13:10:28', '2020-03-17 13:10:28'),
(20, 'non', 'Id modi tempora autem enim voluptatibus vero. Quasi odio ut non eum dolor adipisci. Enim eos perspiciatis aperiam ratione quia explicabo quibusdam. Repudiandae autem laboriosam aut autem.', 758, 0, 5, 4, '2020-03-17 13:10:28', '2020-03-17 13:10:28'),
(21, 'ut', 'Ab atque id ipsum rem. Nulla id occaecati qui reprehenderit dignissimos velit rerum. Ut quam nemo aspernatur architecto aut perspiciatis dolorum. Nostrum ad aut aut pariatur voluptatem eaque suscipit.', 572, 8, 29, 5, '2020-03-17 13:10:28', '2020-03-17 13:10:28'),
(22, 'voluptas', 'Placeat veniam ut sunt. Laudantium labore doloribus maxime. A eligendi laudantium similique molestias temporibus. Est sed quis nostrum quisquam voluptas.', 643, 8, 3, 4, '2020-03-17 13:10:28', '2020-03-17 13:10:28'),
(23, 'ut', 'Et dignissimos dolore optio culpa. Nisi ullam quis assumenda amet cupiditate ullam inventore atque. Omnis quis voluptatibus mollitia possimus quo laborum. Aut sunt eveniet aspernatur sed itaque officiis.', 241, 0, 11, 3, '2020-03-17 13:10:28', '2020-03-17 13:10:28'),
(24, 'sapiente', 'Doloribus cupiditate laborum qui quae et aliquid. Quis possimus sit ducimus sapiente quam.', 500, 8, 8, 4, '2020-03-17 13:10:28', '2020-03-17 13:10:28'),
(25, 'non', 'Dolore temporibus nostrum mollitia quia aliquid accusamus at. Odit aperiam non consequuntur aut non nemo. Atque quis rem eligendi dolorum pariatur repudiandae autem. Aut omnis nesciunt et maiores mollitia. Velit magni aut est eum quia non sed.', 302, 5, 9, 1, '2020-03-17 13:10:28', '2020-03-17 13:10:28'),
(26, 'minima', 'Cumque tempora non et sed aut veritatis laboriosam. Corporis perspiciatis non qui suscipit. Qui non et ea assumenda incidunt. Officiis illo amet esse. Ut eos nulla ut nam.', 668, 6, 7, 2, '2020-03-17 13:10:28', '2020-03-17 13:10:28'),
(27, 'rerum', 'Ut deserunt enim iure assumenda eius. Voluptates itaque autem aut quisquam.', 570, 8, 25, 4, '2020-03-17 13:10:28', '2020-03-17 13:10:28'),
(28, 'dolorum', 'Est facilis dolore quibusdam voluptas possimus inventore illum tenetur. Nisi est voluptatem debitis aspernatur dolorum aperiam ad. Accusamus culpa atque et distinctio harum. Pariatur sed accusamus voluptas et aperiam et.', 431, 7, 3, 3, '2020-03-17 13:10:28', '2020-03-17 13:10:28'),
(29, 'magni', 'Laborum omnis voluptatem eum impedit deserunt voluptatem. Dolor adipisci repellendus officiis consectetur alias architecto fuga.', 337, 5, 28, 5, '2020-03-17 13:10:28', '2020-03-17 13:10:28'),
(30, 'ex', 'Temporibus alias iure omnis in. Voluptas enim veniam et non sed laboriosam. Nobis asperiores amet quas ea voluptatibus. Eos deleniti eos sequi id soluta nihil.', 130, 4, 28, 3, '2020-03-17 13:10:28', '2020-03-17 13:10:28'),
(31, 'iusto', 'Enim similique ut et et a. Tempora et dolorem qui nemo molestiae a. Id deleniti aspernatur non laborum non error. Quam atque magnam similique voluptatem et. Perspiciatis quis minima unde eum reiciendis occaecati voluptatem.', 100, 7, 19, 3, '2020-03-17 13:10:28', '2020-03-17 13:10:28'),
(32, 'modi', 'Recusandae voluptatem officiis iure ut sapiente quis. Atque qui ab tenetur quo voluptatem. Est ea maiores veritatis ut facilis consectetur. Aperiam laboriosam libero repudiandae sit nostrum.', 539, 6, 30, 1, '2020-03-17 13:10:28', '2020-03-17 13:10:28'),
(33, 'modi', 'Eius delectus quo omnis est. Dolor eligendi voluptatem voluptates nostrum iusto. Et provident et distinctio rerum ipsam eligendi laboriosam corporis. Quisquam voluptatem eligendi qui quas debitis magni veniam.', 516, 7, 13, 5, '2020-03-17 13:10:28', '2020-03-17 13:10:28'),
(34, 'quam', 'Ut ullam pariatur magni recusandae dolorum. Sed ipsum iste quas maxime soluta est facere. Id esse velit quaerat consequuntur necessitatibus molestiae. Perferendis ut vitae explicabo consequatur quae neque error.', 174, 1, 24, 4, '2020-03-17 13:10:28', '2020-03-17 13:10:28'),
(35, 'ad', 'Perspiciatis est voluptatem voluptas deserunt. Sed consectetur natus non perspiciatis. Delectus mollitia nobis consequatur odio.', 404, 3, 25, 4, '2020-03-17 13:10:28', '2020-03-17 13:10:28'),
(36, 'animi', 'Voluptate eos accusamus dignissimos. Rerum rem totam autem enim aut ut et.', 744, 0, 15, 4, '2020-03-17 13:10:28', '2020-03-17 13:10:28'),
(37, 'qui', 'Accusamus consectetur minima temporibus in consequatur recusandae. Fugit exercitationem delectus nesciunt dolor. Qui magnam explicabo eveniet sunt.', 426, 4, 19, 5, '2020-03-17 13:10:28', '2020-03-17 13:10:28'),
(38, 'neque', 'Quia alias aperiam voluptatibus blanditiis ea adipisci magni. Ipsa vel nihil eos consequatur sint nisi. Similique quod atque atque explicabo dolor.', 125, 1, 10, 5, '2020-03-17 13:10:28', '2020-03-17 13:10:28'),
(39, 'modi', 'Qui perferendis soluta dolor fuga sint. Quasi nisi facere magnam aliquam libero ut. In porro aut voluptatem aliquid et officiis atque. Nihil porro natus sapiente sit rem ut eligendi.', 492, 7, 3, 2, '2020-03-17 13:10:28', '2020-03-17 13:10:28'),
(40, 'dolorem', 'Aut ratione aut vel qui animi quam consequatur. In vel odit est quo impedit molestiae. Ut accusantium qui inventore vel aspernatur. Quis vel sapiente culpa non qui aut nulla.', 542, 0, 29, 1, '2020-03-17 13:10:28', '2020-03-17 13:10:28'),
(41, 'et', 'Cumque perferendis tenetur perspiciatis fuga. Ut officiis eum pariatur quas. Sint voluptatem corporis quia qui dolor voluptatibus. Non libero hic fuga aut.', 452, 2, 30, 2, '2020-03-17 13:10:28', '2020-03-17 13:10:28'),
(42, 'et', 'Harum nam iste et hic sequi. Quaerat architecto ut quod eos consequuntur non. Consectetur assumenda animi animi quo autem. Reprehenderit sed quia dignissimos ea quo ut.', 845, 2, 7, 1, '2020-03-17 13:10:28', '2020-03-17 13:10:28'),
(43, 'ut', 'Unde labore impedit temporibus repellendus quasi ex praesentium. Deserunt soluta eum est officiis voluptatem rerum. Consectetur nesciunt quia et voluptatem voluptatem architecto dolorem. Omnis perferendis dolore earum nulla error sed.', 406, 7, 27, 1, '2020-03-17 13:10:28', '2020-03-17 13:10:28'),
(44, 'pariatur', 'Et autem omnis sit ea ad ut. Voluptas sed dolor deleniti illum ut id. Est laborum possimus est ipsum.', 511, 6, 17, 1, '2020-03-17 13:10:28', '2020-03-17 13:10:28'),
(45, 'rerum', 'Tempore natus vel nam inventore et eius. Molestiae harum rerum amet. Velit in aperiam ex eum.', 126, 7, 4, 4, '2020-03-17 13:10:28', '2020-03-17 13:10:28'),
(46, 'at', 'Laboriosam amet deserunt officia. Illum voluptas ea quibusdam nam perspiciatis. Sint consequatur veniam quia quisquam vitae.', 914, 9, 24, 1, '2020-03-17 13:10:28', '2020-03-17 13:10:28'),
(47, 'dolorum', 'Aliquam debitis mollitia cumque illum. Minima repudiandae omnis itaque officiis.', 187, 8, 14, 1, '2020-03-17 13:10:28', '2020-03-17 13:10:28'),
(48, 'vel', 'Culpa aut esse dolores numquam aut vel et. Quod velit ex sapiente praesentium iste fuga ut. Officia deleniti consequatur vel id delectus ut. Explicabo ut et aut cupiditate aut quae repudiandae.', 399, 5, 24, 2, '2020-03-17 13:10:28', '2020-03-17 13:10:28'),
(49, 'laudantium', 'Rem est dolore excepturi. Eum ea qui deserunt corporis numquam vitae. Facere hic optio voluptatibus sit veniam. Nesciunt doloremque eveniet asperiores vitae beatae enim aut.', 339, 4, 8, 5, '2020-03-17 13:10:28', '2020-03-17 13:10:28'),
(50, 'voluptatem', 'Natus ex rem quos aliquid tempore. Ut dolores repellendus et. Ratione ut omnis qui fugiat consequatur suscipit dolore. Amet officiis sit minus ullam eum dolores.', 653, 2, 11, 2, '2020-03-17 13:10:28', '2020-03-17 13:10:28');

-- --------------------------------------------------------

--
-- Table structure for table `reviews`
--

CREATE TABLE `reviews` (
  `id` int(10) UNSIGNED NOT NULL,
  `product_id` int(10) UNSIGNED NOT NULL,
  `customer` varchar(255) COLLATE utf8mb4_unicode_ci NOT NULL,
  `review` text COLLATE utf8mb4_unicode_ci NOT NULL,
  `star` int(11) NOT NULL,
  `created_at` timestamp NULL DEFAULT NULL,
  `updated_at` timestamp NULL DEFAULT NULL
) ENGINE=InnoDB DEFAULT CHARSET=utf8mb4 COLLATE=utf8mb4_unicode_ci;

--
-- Dumping data for table `reviews`
--

INSERT INTO `reviews` (`id`, `product_id`, `customer`, `review`, `star`, `created_at`, `updated_at`) VALUES
(1, 20, 'Maureen Brekke II', 'Ex maxime perspiciatis porro ipsam vero commodi sit. Illo qui nisi perferendis commodi. Ut aut consequatur illum numquam.', 1, '2020-03-17 13:10:29', '2020-03-17 13:10:29'),
(2, 19, 'Prof. Myrtie Tromp IV', 'Vel adipisci praesentium ut illum recusandae provident eveniet dolorem. Voluptates temporibus qui maxime voluptatem rerum quos enim culpa. Assumenda rem amet excepturi dolorum. Natus rerum velit omnis quis sequi eligendi velit.', 2, '2020-03-17 13:10:29', '2020-03-17 13:10:29'),
(3, 50, 'Abigail Lindgren', 'Aut a voluptas et dolorem fugit quia et. Nostrum consequatur eum sapiente sed dicta dolor dolores. Et sint rem sunt nesciunt sed.', 2, '2020-03-17 13:10:29', '2020-03-17 13:10:29'),
(4, 35, 'Cristian Quitzon Jr.', 'Vel modi sed aut. Labore repudiandae ipsa voluptate cumque. Dolorem omnis et modi perspiciatis vero.', 3, '2020-03-17 13:10:29', '2020-03-17 13:10:29'),
(5, 45, 'Dr. Deborah Heller', 'Nulla fugit velit omnis delectus debitis quis. Temporibus ratione illum blanditiis sapiente qui repudiandae. Id sunt nihil quaerat consectetur rerum consequatur.', 4, '2020-03-17 13:10:29', '2020-03-17 13:10:29'),
(6, 32, 'Aglae Grady', 'Quia nesciunt ex ea quia alias id accusantium. Eligendi sed quia dolores eos quos voluptatem et distinctio. Incidunt eaque numquam id id ut exercitationem atque.', 4, '2020-03-17 13:10:29', '2020-03-17 13:10:29'),
(7, 48, 'Erika Osinski', 'Quo sed assumenda possimus ut dolores. Officia libero corrupti hic molestiae consequuntur vero. Est qui ut nisi omnis facere quasi odit.', 4, '2020-03-17 13:10:29', '2020-03-17 13:10:29'),
(8, 33, 'Tyshawn Heller MD', 'Totam qui et assumenda dolore natus. Quaerat nam doloremque tempore tenetur quasi ratione. Nihil quaerat doloremque commodi ut perferendis recusandae. Quisquam qui qui sed omnis. Tenetur vel perferendis eos unde et.', 3, '2020-03-17 13:10:29', '2020-03-17 13:10:29'),
(9, 18, 'Dr. Herman Prohaska', 'Eligendi harum veniam atque sunt laboriosam et corporis. Voluptatum ea velit similique natus rerum consectetur illum. Voluptates quis velit voluptas iure. Deserunt ipsam iste ab excepturi architecto sint.', 0, '2020-03-17 13:10:29', '2020-03-17 13:10:29'),
(10, 32, 'Dr. Zelda Huels II', 'Explicabo molestiae maiores autem magnam est ipsam et. Facilis dolorum voluptas labore in. Tempore dignissimos amet animi iusto laborum et ea sint. Ut non aut ducimus autem quo suscipit est in.', 5, '2020-03-17 13:10:29', '2020-03-17 13:10:29'),
(11, 18, 'Bernita Cartwright', 'Et molestiae ratione qui ut fuga magnam. Aperiam explicabo explicabo repudiandae mollitia in repellat autem. Id rerum dicta eum officiis ratione delectus qui praesentium. Voluptatem qui cumque nobis eligendi aliquam.', 0, '2020-03-17 13:10:29', '2020-03-17 13:10:29'),
(12, 33, 'Hal Crooks', 'Et voluptas quaerat est consequatur. Ut qui quam voluptatem facere aut. Expedita consequatur quae pariatur aliquid autem. Eum mollitia tempore totam.', 0, '2020-03-17 13:10:29', '2020-03-17 13:10:29'),
(13, 29, 'Mrs. Myrtie Emmerich', 'Deleniti cum sunt occaecati quod id dolores. Ducimus autem officiis omnis. Velit impedit earum delectus aspernatur enim et iusto qui.', 0, '2020-03-17 13:10:29', '2020-03-17 13:10:29'),
(14, 18, 'Hershel Dare', 'Sed nam tempore nihil magni unde ab. Et molestiae facilis architecto velit soluta. Odio nulla nobis voluptatem accusantium consequuntur consectetur adipisci qui. Fuga nihil non voluptatem.', 2, '2020-03-17 13:10:29', '2020-03-17 13:10:29'),
(15, 14, 'Dagmar Leffler', 'Fugit voluptate quod distinctio omnis voluptas dolores animi. Fugiat neque distinctio autem adipisci. Consequatur incidunt officiis eveniet est.', 2, '2020-03-17 13:10:29', '2020-03-17 13:10:29'),
(16, 47, 'Cayla Zboncak V', 'Molestiae ipsa aut quis omnis. Eos debitis rerum ut optio. Animi suscipit architecto qui facilis. Dolores sunt voluptatem non dolore aut esse sint.', 2, '2020-03-17 13:10:29', '2020-03-17 13:10:29'),
(17, 30, 'Dr. Thaddeus Ankunding', 'Ullam tempora iusto sed iusto aut. Similique natus id asperiores et perspiciatis est. Voluptatem hic qui ad quaerat esse eveniet ducimus in.', 2, '2020-03-17 13:10:29', '2020-03-17 13:10:29'),
(18, 1, 'Shannon Spencer', 'Consequatur nemo autem illo provident. Quod porro alias consequatur velit sit eos.', 5, '2020-03-17 13:10:29', '2020-03-17 13:10:29'),
(19, 23, 'Kennedi McClure III', 'Sit quod et et et minus voluptas atque. Quia ad quas harum modi incidunt quisquam sequi vel.', 2, '2020-03-17 13:10:29', '2020-03-17 13:10:29'),
(20, 13, 'Mike Reynolds IV', 'Dolor sed dolor quos ut natus. Nam assumenda corporis fuga harum dolorem.', 5, '2020-03-17 13:10:29', '2020-03-17 13:10:29'),
(21, 26, 'Marlen Wisoky', 'Iusto et sunt omnis itaque dolorum temporibus ea. Cum omnis magni et aspernatur. Doloribus omnis numquam vero inventore sit qui. Et sed doloribus a aut temporibus praesentium soluta laboriosam.', 0, '2020-03-17 13:10:29', '2020-03-17 13:10:29'),
(22, 32, 'Sally Murphy', 'Modi et assumenda iste modi nostrum nesciunt explicabo nesciunt. Sit nostrum iure at ipsa beatae aut in. Odio quas unde rem voluptate dolorem ratione.', 4, '2020-03-17 13:10:29', '2020-03-17 13:10:29'),
(23, 15, 'Cecilia Heathcote', 'Rem fuga necessitatibus eos. Eius hic sit debitis explicabo vitae qui ab ea. Unde illum ut magnam culpa. Quae commodi modi necessitatibus qui qui.', 4, '2020-03-17 13:10:29', '2020-03-17 13:10:29'),
(24, 23, 'Mrs. Madonna Harvey', 'Dolor accusamus voluptas quam qui corrupti rem. Voluptatem eos libero et temporibus vero aperiam. Sint cupiditate a delectus rerum.', 4, '2020-03-17 13:10:29', '2020-03-17 13:10:29'),
(25, 25, 'Kale Huel', 'Libero dignissimos pariatur nisi nulla et omnis animi. Repellendus sunt id omnis ut sint nulla nobis. Nihil qui et sed facere ut. Ut ut ut facilis quidem voluptatibus et explicabo.', 1, '2020-03-17 13:10:29', '2020-03-17 13:10:29'),
(26, 50, 'Michale Parker', 'Molestias atque vitae nihil omnis. Voluptatem repellendus explicabo consectetur sit sapiente earum. Et corporis esse quae aut sit delectus. Et expedita beatae ut. Sunt magni quia ullam nulla earum quibusdam aut vel.', 3, '2020-03-17 13:10:29', '2020-03-17 13:10:29'),
(27, 45, 'Liza Carroll', 'Est amet facilis expedita similique non voluptatem aut. Eaque vero qui error voluptatem saepe et officia. Accusantium sapiente consequatur adipisci quam. Commodi qui alias rerum quaerat expedita eius molestias.', 1, '2020-03-17 13:10:29', '2020-03-17 13:10:29'),
(28, 30, 'Korbin Schmidt', 'Eos sit explicabo eos provident omnis nostrum ea. Dolorem sit sequi culpa dolore nesciunt eum sunt. Sunt aliquam quam praesentium ut nihil ipsum ab autem. Ea aut aut eveniet consequuntur et blanditiis non.', 1, '2020-03-17 13:10:29', '2020-03-17 13:10:29'),
(29, 8, 'Miss Felipa Hettinger I', 'Veniam incidunt illo maxime consequatur consequatur molestias. Consectetur non commodi doloremque earum recusandae. Occaecati quae molestiae sapiente earum. Mollitia possimus ut itaque nisi itaque.', 0, '2020-03-17 13:10:29', '2020-03-17 13:10:29'),
(30, 37, 'Prof. Alden Bayer', 'Iure nesciunt nihil voluptas ratione libero et. Hic magnam dicta ea laudantium velit. Harum commodi culpa necessitatibus cum. Corporis sint aliquid amet autem rerum.', 4, '2020-03-17 13:10:29', '2020-03-17 13:10:29'),
(31, 46, 'Eleazar Friesen', 'Est distinctio aut sit quod beatae laborum aperiam. Omnis numquam magni placeat nemo voluptatem hic eos cupiditate. Omnis laboriosam enim est sequi aut nulla aliquam molestiae.', 0, '2020-03-17 13:10:29', '2020-03-17 13:10:29'),
(32, 3, 'Agnes Ortiz', 'Beatae repellat deserunt ut qui provident eligendi. Sint error accusamus voluptates. Quia est sunt soluta perspiciatis nihil. Rerum labore voluptatem asperiores ut. Et eligendi minus quod.', 0, '2020-03-17 13:10:29', '2020-03-17 13:10:29'),
(33, 49, 'Enos Beer', 'Quo quibusdam quisquam eos non ut nostrum consequatur. Voluptas id minus praesentium saepe adipisci est. Explicabo totam possimus fugiat sint. Cum eos optio architecto placeat.', 5, '2020-03-17 13:10:29', '2020-03-17 13:10:29'),
(34, 37, 'Bettye Kris', 'Id inventore aspernatur ut ipsum quidem. Expedita et rerum eos ut molestiae minima impedit. Perspiciatis enim recusandae eligendi. Ut excepturi aut iusto officia.', 4, '2020-03-17 13:10:29', '2020-03-17 13:10:29'),
(35, 16, 'Monserrate Hills', 'Debitis velit quas omnis aliquam. Qui hic mollitia nisi aut maiores est neque.', 2, '2020-03-17 13:10:29', '2020-03-17 13:10:29'),
(36, 13, 'Mr. Colten Farrell Sr.', 'Animi error doloremque itaque hic hic. Minima doloremque officia odio vitae dolores iusto accusantium. Blanditiis libero rerum vitae.', 1, '2020-03-17 13:10:29', '2020-03-17 13:10:29'),
(37, 36, 'Esperanza Pollich', 'Aut iste reiciendis dolores est. Corrupti tempore blanditiis saepe nam dolorem. Qui est non voluptas quia distinctio repellendus.', 3, '2020-03-17 13:10:29', '2020-03-17 13:10:29'),
(38, 40, 'Kamille Trantow', 'Suscipit ipsam quos aut doloremque doloremque voluptatum illum. Ipsum dolorem nobis itaque dolor. Est qui beatae enim suscipit error facilis.', 5, '2020-03-17 13:10:29', '2020-03-17 13:10:29'),
(39, 49, 'Aryanna Labadie', 'Quia qui aspernatur sint repellat. Mollitia consequatur eius voluptatibus recusandae repudiandae vero esse. Voluptatum quia aperiam accusamus et voluptatem. Est aut eos odit labore dolore expedita repellendus.', 5, '2020-03-17 13:10:29', '2020-03-17 13:10:29'),
(40, 18, 'Ms. Allison Tromp DDS', 'Quia officia aut et et id eum sunt. Similique est dolor voluptas omnis vel ad. Hic rerum quaerat delectus maxime facere. Voluptatem ea laboriosam non dicta illo.', 5, '2020-03-17 13:10:29', '2020-03-17 13:10:29'),
(41, 48, 'Ms. Linnea Zboncak DVM', 'In cumque ut labore hic voluptatibus. Officiis ea soluta incidunt quas quos sit corrupti. Aut non consequatur nihil inventore accusantium est omnis. Molestiae rerum exercitationem ut qui nisi mollitia.', 5, '2020-03-17 13:10:29', '2020-03-17 13:10:29'),
(42, 9, 'Lempi Morar', 'Quia nihil vero voluptate. Qui cupiditate aut accusantium sit neque sapiente. Iusto et velit esse reprehenderit. Placeat aliquid aliquam voluptatem architecto.', 4, '2020-03-17 13:10:29', '2020-03-17 13:10:29'),
(43, 24, 'Mr. Garry Gerlach Jr.', 'Quas tempora quisquam ut et harum nulla. Ab rerum voluptatibus voluptate maxime et ut quos est. Ut magnam nobis alias.', 3, '2020-03-17 13:10:29', '2020-03-17 13:10:29'),
(44, 26, 'Angelina Kunze', 'Exercitationem nulla nostrum pariatur ut sapiente repellendus tempora. Commodi rerum consequatur ipsa enim laudantium. Explicabo sit quas distinctio adipisci non minima. Ex et quo quae perspiciatis ratione debitis repudiandae.', 4, '2020-03-17 13:10:29', '2020-03-17 13:10:29'),
(45, 19, 'Ed Hickle', 'Repudiandae et ut suscipit earum maxime. Illo molestiae et qui eum eaque. Quae nulla omnis ullam maiores. Quia maiores ut illum aperiam.', 1, '2020-03-17 13:10:29', '2020-03-17 13:10:29'),
(46, 2, 'Twila Walter PhD', 'Dolores quisquam voluptas nemo sunt quas asperiores. Voluptatem fuga suscipit et necessitatibus et in itaque. Esse dicta libero molestias consectetur reprehenderit. Illo doloribus vel dolor nobis.', 1, '2020-03-17 13:10:29', '2020-03-17 13:10:29'),
(47, 19, 'Prof. Consuelo Hahn', 'Velit veniam quis pariatur quasi consequatur aut. Et ipsam reiciendis vitae atque ab. Fugiat in omnis et enim sapiente itaque. Ex quod et eveniet omnis.', 3, '2020-03-17 13:10:29', '2020-03-17 13:10:29'),
(48, 49, 'Vance Little', 'Fuga enim id et ullam. Officia sed qui fuga odit. Voluptates fugit ipsam nemo voluptatem. Est assumenda impedit sed.', 3, '2020-03-17 13:10:29', '2020-03-17 13:10:29'),
(49, 3, 'Dr. Aliyah Raynor I', 'Iure eligendi et esse molestias omnis dignissimos. Illum voluptate rerum molestiae incidunt impedit itaque iusto rerum. Officia et ipsa assumenda.', 0, '2020-03-17 13:10:29', '2020-03-17 13:10:29'),
(50, 20, 'Mrs. Mafalda Goyette V', 'Ut accusantium similique aspernatur aut incidunt libero est. Et laborum tempore debitis quia fugiat nihil. Omnis autem quaerat sunt culpa nihil totam.', 4, '2020-03-17 13:10:29', '2020-03-17 13:10:29'),
(51, 13, 'Octavia Miller', 'Nostrum reiciendis a commodi illum. Officia voluptatibus eveniet ratione voluptatem magnam. Et sunt quia alias aliquam ratione praesentium est.', 5, '2020-03-17 13:10:29', '2020-03-17 13:10:29'),
(52, 35, 'Rodrigo Gleason', 'Sapiente sapiente ea neque optio. Dolor quisquam eos ea nostrum rerum. Suscipit accusamus fuga sunt enim tempora. Sit dolor velit pariatur et assumenda eos voluptatem.', 5, '2020-03-17 13:10:29', '2020-03-17 13:10:29'),
(53, 21, 'Ms. Ava Turcotte', 'Maxime qui error labore rerum. Commodi numquam aut est ab unde enim iste. Quo omnis dolores deserunt iste aut voluptates consequatur non. Sint nesciunt error voluptate omnis quam.', 0, '2020-03-17 13:10:29', '2020-03-17 13:10:29'),
(54, 31, 'Dr. Teresa Kerluke II', 'Molestiae in ipsum rerum et voluptatem officia. Est eum occaecati blanditiis vel quo dolore eos accusantium. Non quo qui omnis ipsa voluptas.', 1, '2020-03-17 13:10:29', '2020-03-17 13:10:29'),
(55, 18, 'Francisca Flatley Sr.', 'Cumque eveniet sit et perspiciatis. Vel velit quidem consequatur dolores molestiae. Et quos assumenda molestiae omnis. Fugit ut minima magni dolor nisi.', 5, '2020-03-17 13:10:29', '2020-03-17 13:10:29'),
(56, 41, 'Clemens Wyman', 'Sapiente impedit aut nisi autem possimus eius similique. Et et eos quod. Voluptas ut inventore sed sequi distinctio repudiandae et.', 4, '2020-03-17 13:10:29', '2020-03-17 13:10:29'),
(57, 3, 'Don Hermiston', 'Doloribus sed esse dolore qui et accusantium soluta. Qui non accusamus nam consequatur tempora architecto. Et sit quibusdam unde minima modi. Deleniti aut aliquam corporis.', 0, '2020-03-17 13:10:29', '2020-03-17 13:10:29'),
(58, 25, 'Jody Purdy', 'Saepe qui eum dicta. Sit quas quisquam dolor sit aliquid est ut enim. Facilis eligendi ab et dicta veniam cum. Maxime fugit odit dolor enim.', 2, '2020-03-17 13:10:29', '2020-03-17 13:10:29'),
(59, 11, 'Celestine Lemke', 'Error libero ratione perferendis sunt doloribus. Eius magni doloremque qui. Sit natus quis labore illo saepe voluptatum. Ratione et aut ullam ut animi earum ea sit.', 0, '2020-03-17 13:10:29', '2020-03-17 13:10:29'),
(60, 44, 'August Treutel', 'Saepe quia repudiandae magnam ipsa magnam quo quo. Est explicabo quo et quia odio recusandae unde. Doloremque officia aut facilis eum temporibus velit voluptatem.', 0, '2020-03-17 13:10:29', '2020-03-17 13:10:29'),
(61, 47, 'Alia Haley PhD', 'Molestias nulla officiis alias ex voluptates accusamus. Explicabo ipsum quia reprehenderit ut fuga et eum. Quo dolor veniam doloremque maiores.', 3, '2020-03-17 13:10:29', '2020-03-17 13:10:29'),
(62, 50, 'Isadore Stark', 'Assumenda veritatis ut modi inventore sunt. Natus iusto veniam qui dolores repellendus occaecati dolorem deleniti. Voluptatum libero voluptates ut voluptas qui. Illo enim ratione possimus iure.', 0, '2020-03-17 13:10:29', '2020-03-17 13:10:29'),
(63, 36, 'Miss Emelie Frami DDS', 'Voluptas quas aut rerum aut nisi voluptatem. Est blanditiis alias qui dolore vel qui et in. Sint dolores ducimus nihil qui consequatur.', 4, '2020-03-17 13:10:29', '2020-03-17 13:10:29'),
(64, 35, 'Miss Alicia Koelpin', 'Dignissimos consequatur numquam esse et. Tempore eligendi dolores natus dolorem minima. Quae odio enim est aut architecto fugiat itaque. Eos eius et sed numquam.', 4, '2020-03-17 13:10:29', '2020-03-17 13:10:29'),
(65, 28, 'Hector Feeney PhD', 'Voluptatem sequi tempora eum maxime. Eum voluptates praesentium quis laboriosam voluptatem et.', 3, '2020-03-17 13:10:29', '2020-03-17 13:10:29'),
(66, 10, 'Luther Botsford', 'Ab blanditiis maiores enim quidem. Quo nostrum et temporibus corporis sed. Quidem optio ducimus soluta libero optio omnis ut.', 5, '2020-03-17 13:10:29', '2020-03-17 13:10:29'),
(67, 33, 'Justus Berge', 'Omnis repellat et odio non. Autem sit aliquam sapiente. Et nobis possimus aperiam omnis libero.', 1, '2020-03-17 13:10:29', '2020-03-17 13:10:29'),
(68, 36, 'Mr. Camron Zulauf Jr.', 'Voluptatem voluptatem sapiente est corporis quo dolorum. Perferendis itaque sed inventore et quaerat culpa delectus in. Molestias et eum possimus voluptatem eaque ut sed.', 5, '2020-03-17 13:10:29', '2020-03-17 13:10:29'),
(69, 46, 'Mikel Von', 'Facere voluptatem occaecati voluptas laborum saepe architecto. Nihil natus quo ratione unde soluta nulla. Aut aut quibusdam magni aspernatur cumque sed. Omnis facilis provident perspiciatis provident.', 3, '2020-03-17 13:10:29', '2020-03-17 13:10:29'),
(70, 5, 'Prof. Ellsworth Bauch', 'Ut quas in et quas. Quibusdam a sit ipsum veniam. Voluptate non voluptatem est quam maxime. Sed odit voluptatem debitis magnam ea occaecati quam.', 2, '2020-03-17 13:10:29', '2020-03-17 13:10:29'),
(71, 33, 'Fred Bednar', 'Commodi asperiores nesciunt corporis voluptas. Repellendus unde nobis debitis reiciendis at nostrum eius facere. Similique voluptatem esse quae perferendis consequatur sit sequi. Qui aut qui veniam nisi nulla sapiente sed.', 2, '2020-03-17 13:10:29', '2020-03-17 13:10:29'),
(72, 43, 'Prof. Merritt Kuvalis', 'Ut quisquam quia sapiente qui eaque et odio. Neque quia suscipit rerum reiciendis eum. Perspiciatis est laborum reiciendis quibusdam. Temporibus neque ipsum consequatur dicta pariatur. Esse illo architecto molestias quam dolor ipsum.', 4, '2020-03-17 13:10:29', '2020-03-17 13:10:29'),
(73, 12, 'Miss Henriette Harvey Jr.', 'Et repellat sed ut ipsa omnis. Ut quam ducimus quia sit eum aut illum.', 2, '2020-03-17 13:10:29', '2020-03-17 13:10:29'),
(74, 43, 'Santos Beatty DVM', 'Soluta sed molestias quis magnam. Nostrum quisquam et mollitia id quia. Fugiat aut enim dignissimos ut ducimus.', 1, '2020-03-17 13:10:29', '2020-03-17 13:10:29'),
(75, 24, 'Marcus Langworth DDS', 'Dolore et nam animi rem. Aut ducimus pariatur eum similique sit. Numquam officiis natus dolore debitis quia. Consequatur quaerat voluptatibus et tenetur soluta.', 4, '2020-03-17 13:10:29', '2020-03-17 13:10:29'),
(76, 24, 'Kristofer Jakubowski', 'Voluptatem quo aliquid ut quos iusto et. Labore aut magnam voluptas dolor. Illum dolorem cum molestias sit.', 0, '2020-03-17 13:10:29', '2020-03-17 13:10:29'),
(77, 7, 'Dr. Patrick Lakin MD', 'Incidunt aut corrupti esse voluptatum aspernatur id fugit sunt. Et quod eligendi veritatis voluptatem. Consequuntur totam at sed eum.', 0, '2020-03-17 13:10:29', '2020-03-17 13:10:29'),
(78, 7, 'Annabell Schowalter', 'Adipisci dolore voluptatem doloribus. Itaque recusandae nihil quibusdam minima illo iure. Itaque blanditiis corrupti dolorum soluta. Libero voluptatibus laborum illum a impedit cupiditate.', 4, '2020-03-17 13:10:29', '2020-03-17 13:10:29'),
(79, 22, 'Murphy Rempel', 'Ut illum sint omnis. Id incidunt voluptas impedit cupiditate. Culpa maxime quo eaque rerum.', 0, '2020-03-17 13:10:29', '2020-03-17 13:10:29'),
(80, 14, 'Rosemarie Nitzsche', 'Animi sint minus non nisi. Enim nihil nulla laudantium ut temporibus tenetur labore voluptate. Et explicabo sint sit.', 2, '2020-03-17 13:10:29', '2020-03-17 13:10:29'),
(81, 33, 'Greg Daniel', 'Voluptates sapiente dolor consequatur amet tempore error. Enim veniam voluptas id placeat reprehenderit.', 2, '2020-03-17 13:10:29', '2020-03-17 13:10:29'),
(82, 31, 'Elenora Reinger', 'Est aliquam dolorum consequatur maiores sed aliquam. Quos ratione sunt hic nihil. Eligendi sed quis fuga et eos. Est assumenda illum quasi vero reiciendis. Adipisci perferendis sed at reiciendis et voluptas deserunt aut.', 5, '2020-03-17 13:10:29', '2020-03-17 13:10:29'),
(83, 44, 'Gideon Spinka PhD', 'Accusamus beatae nihil blanditiis consectetur et. Reiciendis molestias ducimus aut possimus sint culpa. Sint ea dolore recusandae necessitatibus.', 2, '2020-03-17 13:10:29', '2020-03-17 13:10:29'),
(84, 39, 'Dr. Justina Ullrich IV', 'Eos et ipsam odit praesentium accusamus. Non ab qui omnis eum. Saepe dolorem similique doloribus consequatur ad. Voluptatem consequatur aut cumque ut delectus sed in voluptates.', 4, '2020-03-17 13:10:29', '2020-03-17 13:10:29'),
(85, 40, 'Mr. Vito Sporer', 'Eius itaque et voluptas eius ea natus. Eum cupiditate laborum odit sint reiciendis itaque sapiente. Quia temporibus expedita atque excepturi. Dolorem fugiat et eum aut quisquam qui ea occaecati.', 4, '2020-03-17 13:10:29', '2020-03-17 13:10:29'),
(86, 7, 'Floyd Heaney', 'Delectus et non ut eaque sequi dolor. Cum est consequatur et animi. Dolore voluptatum quis est necessitatibus et. Illo eum earum quos maiores architecto atque consequuntur.', 5, '2020-03-17 13:10:29', '2020-03-17 13:10:29'),
(87, 35, 'Prof. Felicity Mann', 'Nostrum ut quas dolores. Rerum eum voluptatibus et dolorem labore qui. Modi qui quo rem repellendus est. Vero ducimus suscipit numquam molestias et.', 0, '2020-03-17 13:10:29', '2020-03-17 13:10:29'),
(88, 44, 'Ronny Kulas', 'Adipisci molestiae et aut atque libero. Id molestiae consequuntur non laborum et. Maxime officia voluptatem ut ex.', 5, '2020-03-17 13:10:29', '2020-03-17 13:10:29'),
(89, 30, 'Scottie Crist', 'Quam praesentium quo provident at praesentium facilis exercitationem quaerat. Autem officiis et cupiditate officia quaerat voluptatum. Repellat harum et eos molestiae fugit quos consectetur. Ut sint voluptatum qui.', 0, '2020-03-17 13:10:29', '2020-03-17 13:10:29'),
(90, 25, 'Dr. Armand Murray III', 'Quis repudiandae eum iure velit suscipit. Saepe quia molestias laboriosam blanditiis at omnis tenetur in.', 0, '2020-03-17 13:10:29', '2020-03-17 13:10:29'),
(91, 18, 'Miss Mossie Padberg', 'Labore vel magni quis amet delectus sed a. A rerum velit id magni est. Assumenda corporis libero est. Rerum ut quibusdam nisi sint.', 3, '2020-03-17 13:10:29', '2020-03-17 13:10:29'),
(92, 10, 'Ms. Liza Gibson IV', 'Officia error provident soluta odio. Sed qui fugit mollitia dolores accusantium inventore ut. Est illum hic dolor. Vitae voluptatum et molestiae illum in facilis eveniet. Ut eius provident modi tempora.', 0, '2020-03-17 13:10:29', '2020-03-17 13:10:29'),
(93, 16, 'Gia Greenfelder PhD', 'Provident unde tenetur nisi perspiciatis consequatur animi. Maxime ut aut fuga architecto architecto quibusdam pariatur.', 0, '2020-03-17 13:10:29', '2020-03-17 13:10:29'),
(94, 32, 'Travis Little DVM', 'Exercitationem nihil cumque rerum qui. Minus est et quia natus optio porro accusantium atque.', 5, '2020-03-17 13:10:29', '2020-03-17 13:10:29'),
(95, 38, 'Prof. Kristopher Borer I', 'At maiores fugiat voluptatem labore. Repellat amet quam perferendis ea iste dolores. Deserunt voluptate sunt voluptas voluptas velit deserunt minus enim.', 2, '2020-03-17 13:10:29', '2020-03-17 13:10:29'),
(96, 19, 'Gilberto Cole', 'Fugiat et debitis ut totam dicta debitis. Illo ut in est iure. Iure ducimus accusamus accusamus facere enim consequuntur.', 2, '2020-03-17 13:10:29', '2020-03-17 13:10:29'),
(97, 46, 'Kraig Strosin', 'Rerum laborum facilis ut voluptatem ipsum illo consequatur. Impedit similique quaerat doloremque hic. Et itaque aut error asperiores.', 0, '2020-03-17 13:10:29', '2020-03-17 13:10:29'),
(98, 19, 'Wyman VonRueden', 'Ipsa voluptatibus fugiat voluptates repudiandae dolore aut vero. Ratione fuga eum dolores et et. Officiis dolor quis quo quis est.', 4, '2020-03-17 13:10:29', '2020-03-17 13:10:29'),
(99, 32, 'Dorris Miller Jr.', 'Libero illo aspernatur provident voluptatum. Vitae exercitationem aut ut dignissimos consequatur dignissimos. Velit ratione labore ut quis vel. Enim dolor nemo et sed aspernatur temporibus velit. Excepturi qui et repudiandae quibusdam sit.', 0, '2020-03-17 13:10:29', '2020-03-17 13:10:29'),
(100, 36, 'Alysson Rodriguez IV', 'Ipsam libero corporis cumque doloremque quia enim. Officia labore dolores porro et rerum tenetur. Autem assumenda omnis commodi perferendis beatae. Architecto repudiandae assumenda nostrum dolores dolor modi consequatur.', 3, '2020-03-17 13:10:29', '2020-03-17 13:10:29'),
(101, 35, 'Morton Kuhn', 'Recusandae laborum corporis libero fuga maxime. Esse culpa aut numquam vel perspiciatis id. Sapiente et error quam quam. Et tenetur ullam perspiciatis voluptatem.', 3, '2020-03-17 13:10:29', '2020-03-17 13:10:29'),
(102, 33, 'Mr. Tyrell Barrows', 'Totam qui neque eum eum. Qui aut ut excepturi nobis. Dolorem ab sed fuga corporis incidunt et id.', 1, '2020-03-17 13:10:29', '2020-03-17 13:10:29'),
(103, 19, 'Nola Leuschke', 'Molestiae magnam omnis hic modi. Asperiores qui impedit aut cum consequatur vitae. Voluptas incidunt voluptatem nisi perferendis occaecati quaerat.', 5, '2020-03-17 13:10:29', '2020-03-17 13:10:29'),
(104, 39, 'Mrs. Carrie Runolfsdottir', 'Molestiae voluptatem excepturi sed est. Officia optio ut ipsum fuga omnis. Quas quia quia consectetur eaque a harum aliquid.', 4, '2020-03-17 13:10:29', '2020-03-17 13:10:29'),
(105, 10, 'Dr. Jamison Von V', 'Qui excepturi voluptatum et aut aut et. Et deserunt aliquid debitis eos. Officia quam velit voluptates harum aliquid quos corrupti fuga. Aliquid at et provident deleniti.', 2, '2020-03-17 13:10:29', '2020-03-17 13:10:29'),
(106, 29, 'Marshall Rosenbaum', 'Numquam sed perspiciatis quos est. Officiis suscipit omnis quae maiores est. Eligendi unde non qui quia rerum dicta.', 0, '2020-03-17 13:10:29', '2020-03-17 13:10:29'),
(107, 5, 'Jewell Hermiston', 'Aut id cupiditate illum eligendi reiciendis eligendi. Sed ad nisi qui et dignissimos. Et cumque ad aliquam animi fugit nemo quia. Voluptatem libero fugit voluptas suscipit repellendus laboriosam quis sit.', 3, '2020-03-17 13:10:29', '2020-03-17 13:10:29'),
(108, 32, 'Mr. Mauricio Toy Jr.', 'Voluptatem rem ea sit qui enim. Harum praesentium sit et occaecati.', 3, '2020-03-17 13:10:29', '2020-03-17 13:10:29'),
(109, 35, 'Dexter Baumbach', 'Reiciendis animi aliquid consectetur illo perferendis dolorem explicabo. Accusantium recusandae et quis sequi iusto rerum. Soluta quasi officia enim molestiae explicabo possimus nostrum. Et eum natus non numquam.', 4, '2020-03-17 13:10:29', '2020-03-17 13:10:29'),
(110, 45, 'Maritza Davis', 'Et fuga quisquam porro pariatur vel deleniti inventore. Dolorum sed corrupti rerum adipisci pariatur voluptatem. Et assumenda voluptatibus non dolorem nostrum praesentium in.', 5, '2020-03-17 13:10:29', '2020-03-17 13:10:29'),
(111, 32, 'Aglae Waters', 'Qui ipsam et nam. Magnam dolore eum optio alias nihil unde maxime. Et magni necessitatibus qui fuga.', 0, '2020-03-17 13:10:29', '2020-03-17 13:10:29'),
(112, 45, 'Prof. Jaquelin Gleichner', 'Et harum est omnis soluta. Quidem cupiditate eligendi sit eum sunt dolorem inventore. Velit deleniti ipsa dolore. Omnis aut cumque quos autem optio officia.', 1, '2020-03-17 13:10:29', '2020-03-17 13:10:29'),
(113, 35, 'Keven Hammes', 'Non odit amet voluptatem. Quia dicta expedita minima et. Ad quia molestiae rerum ipsam quos. Sed possimus distinctio similique voluptatem exercitationem ut et dolore.', 0, '2020-03-17 13:10:29', '2020-03-17 13:10:29'),
(114, 45, 'Miss Reva Tromp', 'Vero molestiae dolorem aut dolores exercitationem. Est ullam sint enim adipisci expedita. Cum quia quas fugiat rem.', 3, '2020-03-17 13:10:29', '2020-03-17 13:10:29'),
(115, 41, 'Dr. Kaci Parisian III', 'Veritatis nulla nisi maxime enim. Sunt aut voluptatem impedit sit fugit. Quia praesentium ut non voluptas et. Non repellat maiores est.', 1, '2020-03-17 13:10:29', '2020-03-17 13:10:29'),
(116, 24, 'Skyla Thiel', 'Earum nihil nisi aliquid id nihil reprehenderit. Consequuntur ipsam delectus veniam. Hic eos enim quia modi.', 0, '2020-03-17 13:10:29', '2020-03-17 13:10:29'),
(117, 40, 'Allie Jacobs', 'Deserunt non quos hic minima rerum. Iusto aut rerum debitis a. Vero aut eum necessitatibus aperiam minus fuga explicabo. Ipsam laboriosam molestias quaerat voluptate.', 1, '2020-03-17 13:10:29', '2020-03-17 13:10:29'),
(118, 50, 'Delpha Klocko V', 'Quo suscipit libero error ad expedita tenetur et velit. Maxime nemo architecto qui et. Rerum et voluptatum beatae voluptatem aut et est. Mollitia inventore ducimus officiis exercitationem officia eum saepe.', 5, '2020-03-17 13:10:29', '2020-03-17 13:10:29'),
(119, 38, 'Johan O\'Hara', 'Consequatur nam saepe repellendus ut. Non velit voluptatem quo voluptas aut. Accusamus sequi aut iusto enim labore est.', 3, '2020-03-17 13:10:29', '2020-03-17 13:10:29'),
(120, 17, 'Noah Waelchi', 'Dolorum iste reiciendis sit quis ut pariatur et. Aut vero maxime asperiores nisi. Animi assumenda quam voluptas eum quia.', 2, '2020-03-17 13:10:29', '2020-03-17 13:10:29'),
(121, 42, 'Dr. Audie Ratke', 'Sunt aut alias nisi et quia dolores. Praesentium voluptas aut tempora provident quaerat totam unde corporis. Earum aliquid quibusdam occaecati non quisquam cum et.', 5, '2020-03-17 13:10:29', '2020-03-17 13:10:29'),
(122, 1, 'Keara Simonis', 'Sed omnis placeat dolores praesentium. Error non ut nostrum est asperiores earum. Omnis doloribus sint quaerat vero ratione voluptatem. Qui quia rerum repellendus eaque illo.', 4, '2020-03-17 13:10:29', '2020-03-17 13:10:29'),
(123, 19, 'Prof. Diana Shanahan III', 'Nam est est animi exercitationem omnis. Molestiae hic nemo expedita tenetur. Asperiores cum in eum laborum ea occaecati dicta.', 2, '2020-03-17 13:10:29', '2020-03-17 13:10:29'),
(124, 18, 'Mariah Ratke', 'Quam nihil similique unde tempora. Eligendi ea sint enim itaque ex velit qui. Odit incidunt odio dolores labore modi. Omnis corrupti tempora quis cum.', 5, '2020-03-17 13:10:29', '2020-03-17 13:10:29'),
(125, 41, 'Reid Hickle', 'Eos laboriosam fugiat id velit autem. Commodi sint soluta distinctio dolorem omnis facilis exercitationem. Perferendis ipsam ipsam ducimus eos laborum.', 0, '2020-03-17 13:10:29', '2020-03-17 13:10:29'),
(126, 34, 'Lindsay Little Sr.', 'Perspiciatis iure velit voluptatem soluta excepturi ullam qui. Quam veritatis veritatis inventore omnis iure. Autem ipsa optio qui. Et similique voluptate nihil voluptas amet neque pariatur. Dolore perferendis suscipit esse nulla ut.', 4, '2020-03-17 13:10:29', '2020-03-17 13:10:29'),
(127, 19, 'Ms. Arvilla Stokes', 'Culpa repellendus et consequatur non quo. Quia voluptate eos minima a. Sunt placeat blanditiis molestias omnis. Est laboriosam voluptate quaerat libero rerum nesciunt nam dolor.', 2, '2020-03-17 13:10:29', '2020-03-17 13:10:29'),
(128, 44, 'Delaney Konopelski', 'Debitis velit nostrum veritatis quis corrupti amet. Aliquam sed et et assumenda unde quidem corporis. Reiciendis inventore sint non iusto qui ipsum.', 5, '2020-03-17 13:10:29', '2020-03-17 13:10:29'),
(129, 9, 'Dr. Rogers Shields IV', 'Voluptatibus est rerum error qui illum blanditiis voluptate. At qui sed nihil temporibus sit laboriosam nobis. Doloremque voluptatum quisquam sapiente quo.', 2, '2020-03-17 13:10:29', '2020-03-17 13:10:29'),
(130, 32, 'Florian Robel', 'Blanditiis placeat quis voluptate harum esse nihil. Iste repellendus soluta iste et tenetur quibusdam. Maiores soluta in vel nihil mollitia assumenda at.', 0, '2020-03-17 13:10:29', '2020-03-17 13:10:29'),
(131, 8, 'Rubie Jakubowski', 'Sapiente qui sint quia fuga. Sed est ut minima repellat est. Iste dolor reiciendis sapiente. Repellat occaecati aut quis totam voluptate.', 0, '2020-03-17 13:10:29', '2020-03-17 13:10:29'),
(132, 17, 'Prof. Savion Goyette', 'A sapiente beatae nihil repudiandae ipsum voluptas. Pariatur sed nulla voluptates corrupti exercitationem. Voluptas iste facere sunt assumenda nulla.', 3, '2020-03-17 13:10:29', '2020-03-17 13:10:29'),
(133, 11, 'Mr. Dillon Maggio', 'Similique eos laborum inventore veniam vel reiciendis. Tenetur fugiat laudantium nihil. Voluptatem quibusdam error excepturi voluptate.', 2, '2020-03-17 13:10:29', '2020-03-17 13:10:29'),
(134, 2, 'Hannah Swift', 'Veniam officiis consequatur similique ullam rerum ex necessitatibus. Sunt ut omnis et quisquam. Accusantium voluptas illum eum debitis. Non officiis veritatis aut.', 0, '2020-03-17 13:10:29', '2020-03-17 13:10:29'),
(135, 27, 'Alivia White', 'Asperiores autem optio odit deleniti autem occaecati. Pariatur aliquid doloremque ipsa ipsam. Qui ipsa dignissimos quasi veniam voluptatem illum quaerat. Minima quas libero saepe sit aut minima. Et sit voluptatem aut delectus iure mollitia similique amet.', 4, '2020-03-17 13:10:29', '2020-03-17 13:10:29'),
(136, 40, 'Moshe Pouros', 'Perspiciatis accusamus ex et officiis aliquid tenetur nam. Autem velit natus nam velit et. Consequatur accusamus veniam quo qui corporis vel quaerat iusto. Voluptates cum quam culpa.', 1, '2020-03-17 13:10:29', '2020-03-17 13:10:29'),
(137, 33, 'Dixie Cronin', 'Rem quisquam magnam autem quis aliquid. Impedit cum quidem soluta recusandae fuga voluptas non. Cupiditate voluptatem et dolores nihil sunt. Totam alias quasi ducimus voluptatum sit.', 5, '2020-03-17 13:10:29', '2020-03-17 13:10:29'),
(138, 36, 'Ressie Jacobson', 'Harum autem qui voluptatem perferendis tenetur quae. Aut cumque esse rerum magnam nobis repellat. Sunt sed animi incidunt ipsam.', 1, '2020-03-17 13:10:29', '2020-03-17 13:10:29'),
(139, 38, 'Seth Padberg', 'At esse blanditiis vel ut consectetur. Nam quidem quasi commodi et distinctio. Commodi voluptatem asperiores aliquid eos qui. Aut ratione eum at aspernatur reprehenderit sed error quis.', 2, '2020-03-17 13:10:29', '2020-03-17 13:10:29'),
(140, 11, 'Quinn Simonis', 'Placeat unde sunt omnis sunt praesentium necessitatibus sequi. Veniam alias voluptatibus fugit aut dolorem distinctio. Dolorem ut vero minus quidem vel ullam. Voluptas iste eos distinctio aut.', 2, '2020-03-17 13:10:29', '2020-03-17 13:10:29'),
(141, 36, 'Ashlee Wyman V', 'Aut nobis eos doloribus quidem sunt ut itaque. Non et fuga eveniet quidem qui. Ducimus natus quidem reiciendis tenetur vel est incidunt. Et blanditiis fugiat officiis id quis.', 2, '2020-03-17 13:10:29', '2020-03-17 13:10:29'),
(142, 42, 'Elena Powlowski', 'Optio voluptates optio minima recusandae corporis praesentium ducimus odio. Sint maiores aperiam cupiditate excepturi odio sed. A voluptates voluptas cupiditate eos ipsam deleniti. Accusamus quaerat aliquid vitae consequatur.', 1, '2020-03-17 13:10:29', '2020-03-17 13:10:29'),
(143, 29, 'Cierra Swaniawski', 'Voluptas ut placeat nostrum velit quod numquam exercitationem. Eius ex et placeat aut repellendus veniam voluptatem. Fugiat quo cum a et deserunt quam excepturi.', 0, '2020-03-17 13:10:29', '2020-03-17 13:10:29'),
(144, 9, 'Zelma Daugherty', 'Laboriosam ut sit corporis voluptates nobis repellendus. Qui illo ex illum dolores. Beatae et et reiciendis molestias aut reprehenderit. Distinctio fugit sint repellat qui et inventore aut.', 2, '2020-03-17 13:10:29', '2020-03-17 13:10:29'),
(145, 22, 'Stephon Monahan', 'Laboriosam inventore voluptatibus at totam quod. Eius modi dolorum voluptatibus qui. Officiis recusandae provident suscipit mollitia provident. Voluptas aliquam sed harum et natus autem.', 4, '2020-03-17 13:10:29', '2020-03-17 13:10:29'),
(146, 47, 'Ali Conn', 'Consequatur deleniti perferendis voluptas in mollitia. Aut aut est rem non occaecati illum. Omnis necessitatibus quisquam itaque nobis amet in eum explicabo. Dolorem accusantium esse ex est labore.', 1, '2020-03-17 13:10:29', '2020-03-17 13:10:29'),
(147, 45, 'Mortimer Hand', 'Reprehenderit aperiam odio dolorem. Quas quos eum nemo iure consequatur. Minima facilis aut rerum cumque sint occaecati ea.', 3, '2020-03-17 13:10:29', '2020-03-17 13:10:29'),
(148, 21, 'Prof. Niko Lockman', 'Quia voluptas vitae minima et. Ducimus laudantium dolore ex adipisci magni voluptas. Voluptas voluptates est quasi sunt et nam repellat maxime. Eos sint iusto quia unde.', 4, '2020-03-17 13:10:29', '2020-03-17 13:10:29'),
(149, 11, 'Dr. Tremaine McClure', 'Et et earum molestiae dolores. Impedit qui expedita facilis minus corrupti ea eos. Fugiat quam iure iusto quisquam eligendi adipisci et qui. Et non repellendus deleniti odit nobis animi non ducimus. Beatae fuga animi doloribus qui ullam.', 5, '2020-03-17 13:10:29', '2020-03-17 13:10:29'),
(150, 30, 'Prof. Alexandrine Bradtke', 'Aliquam doloribus iste quaerat sed. Sunt nulla aperiam velit cumque provident alias eius. Eligendi doloribus doloribus cum amet sit animi.', 0, '2020-03-17 13:10:29', '2020-03-17 13:10:29'),
(151, 29, 'Howard Skiles', 'Et et voluptatem qui omnis accusamus est quia. Autem esse doloremque cumque. Sint at itaque nostrum qui eius velit.', 3, '2020-03-17 13:10:29', '2020-03-17 13:10:29'),
(152, 40, 'Miss Effie Corkery III', 'Aperiam quasi quibusdam sunt asperiores. Expedita veniam blanditiis et minus dolores. Earum quos voluptas et illo voluptatum praesentium.', 0, '2020-03-17 13:10:29', '2020-03-17 13:10:29'),
(153, 27, 'Dr. Florida Howe', 'Commodi inventore eveniet voluptate eum sunt. Quis iste reiciendis rerum blanditiis. Rerum fugiat ab aliquam eligendi consequatur tempora aut repudiandae. Ipsum maxime consequatur placeat quod occaecati qui.', 4, '2020-03-17 13:10:29', '2020-03-17 13:10:29'),
(154, 41, 'Ena Schmitt Sr.', 'Corrupti officiis molestias excepturi esse consequatur. Id neque et magnam atque saepe sit. Consectetur ad quis officia porro eaque deserunt ut nesciunt. Nisi quo veritatis culpa iste itaque sint qui.', 3, '2020-03-17 13:10:29', '2020-03-17 13:10:29'),
(155, 31, 'Norwood Klein V', 'Iure qui assumenda qui molestias ullam. Facilis earum fugiat eum quis maiores omnis.', 4, '2020-03-17 13:10:29', '2020-03-17 13:10:29'),
(156, 14, 'Mervin Mitchell', 'Sit provident maiores alias numquam. Rem voluptas necessitatibus sed recusandae aspernatur in quas. Accusamus dolorem dicta blanditiis quos laboriosam nostrum magnam. Quam consequuntur rerum et reprehenderit assumenda.', 4, '2020-03-17 13:10:29', '2020-03-17 13:10:29'),
(157, 20, 'Taryn Lebsack', 'Doloribus dolor totam quos sit omnis. Suscipit et odit exercitationem qui repellat ut eos. Animi rerum consequatur eos totam deleniti.', 3, '2020-03-17 13:10:29', '2020-03-17 13:10:29'),
(158, 3, 'Prof. Heloise Ledner', 'Corrupti ipsam excepturi repellendus aut voluptatem voluptatum ipsum. Dignissimos sit quia ipsum aut qui. Praesentium fugiat porro laborum laborum molestiae.', 3, '2020-03-17 13:10:29', '2020-03-17 13:10:29'),
(159, 17, 'Percival Emard III', 'Ad ullam recusandae nihil laudantium. Ut quia deleniti culpa dolores. Et possimus rerum nihil iste aperiam et velit. Soluta quo molestiae distinctio dicta omnis.', 5, '2020-03-17 13:10:29', '2020-03-17 13:10:29'),
(160, 5, 'Maxime Weissnat', 'Et ipsum assumenda nihil doloremque voluptas incidunt inventore. Rerum perferendis ut sequi nostrum.', 4, '2020-03-17 13:10:29', '2020-03-17 13:10:29'),
(161, 36, 'Prof. Guillermo Hintz', 'Hic repudiandae saepe sint quasi. Ducimus sunt sint et voluptatem accusantium. Laudantium perferendis laboriosam reiciendis voluptas.', 0, '2020-03-17 13:10:29', '2020-03-17 13:10:29'),
(162, 43, 'Rollin Cummerata', 'Sed et soluta corrupti magnam. Maiores omnis vel est non incidunt a. Consequatur tenetur perspiciatis consequatur nihil id asperiores ut.', 2, '2020-03-17 13:10:29', '2020-03-17 13:10:29'),
(163, 20, 'Sabryna Beatty', 'Et sunt laboriosam soluta. Qui dolores libero ut ducimus recusandae. Optio distinctio voluptatem quo veniam.', 0, '2020-03-17 13:10:29', '2020-03-17 13:10:29'),
(164, 4, 'Nettie Gerlach', 'Ea dolor quibusdam aperiam magnam. Quia quaerat porro deleniti quo laudantium non. Neque nihil ea voluptatem. Quasi rerum quos quis voluptas.', 0, '2020-03-17 13:10:29', '2020-03-17 13:10:29'),
(165, 41, 'Anya Schowalter', 'Quasi officiis dolore quisquam unde fuga dolor dolores. Dolores tempora itaque sunt optio vel distinctio odit. Non ipsa dicta ut accusamus.', 0, '2020-03-17 13:10:29', '2020-03-17 13:10:29'),
(166, 3, 'Mr. Jake Bartell Jr.', 'Natus odit maiores minima esse. Vel est sapiente laboriosam error autem est quibusdam. Iste amet quam in cupiditate laudantium.', 0, '2020-03-17 13:10:29', '2020-03-17 13:10:29'),
(167, 3, 'Ms. Vivian Quitzon Sr.', 'Tempore aperiam adipisci iusto aliquid. Repellat deleniti sunt similique delectus rerum animi. Aspernatur autem aspernatur explicabo autem.', 3, '2020-03-17 13:10:29', '2020-03-17 13:10:29'),
(168, 15, 'Lisandro Corkery III', 'Iure a eum aut veniam qui et aperiam. Esse dolor voluptate ipsa aut. Magni ea et quam quaerat sit pariatur culpa. Ab est voluptate atque.', 4, '2020-03-17 13:10:29', '2020-03-17 13:10:29'),
(169, 4, 'April Champlin V', 'Eius soluta aut temporibus excepturi officiis dolores. Laboriosam aperiam error et ad. Neque assumenda est reiciendis sunt atque aut. Repellat et voluptates ad earum occaecati dicta maiores. Corporis impedit saepe nisi sed et adipisci inventore.', 4, '2020-03-17 13:10:29', '2020-03-17 13:10:29'),
(170, 29, 'Prof. Bernice Senger DDS', 'Non eligendi repellendus dolores et eos quia. Facere corrupti voluptates tempora. Qui quia ut ea eos voluptatem.', 2, '2020-03-17 13:10:29', '2020-03-17 13:10:29'),
(171, 45, 'Dr. Myles Wiegand DVM', 'Quas sit quod eveniet perspiciatis distinctio. Nulla illo dolore nihil et sed architecto quam. Quia aut sed et delectus explicabo autem.', 5, '2020-03-17 13:10:29', '2020-03-17 13:10:29'),
(172, 34, 'Emory Treutel', 'Id et doloribus eius voluptas est. Repellat voluptates recusandae consequatur voluptate doloremque. Vel asperiores ut vel tempore.', 3, '2020-03-17 13:10:29', '2020-03-17 13:10:29'),
(173, 22, 'Jonatan Turcotte', 'Corporis quisquam quibusdam cumque et et. Omnis et enim qui qui odio. Et sint tenetur consequatur alias praesentium. Repellendus perspiciatis veniam et quia doloribus eligendi.', 5, '2020-03-17 13:10:29', '2020-03-17 13:10:29'),
(174, 47, 'Zella Abshire', 'Voluptates dolores et necessitatibus. Nesciunt fugiat aut sed itaque voluptates aut. Deleniti laudantium eius voluptas voluptatem qui. Tempora voluptate sit optio maiores.', 0, '2020-03-17 13:10:29', '2020-03-17 13:10:29'),
(175, 2, 'Marianna Lynch', 'Reiciendis at modi accusamus et aut rerum et eaque. Quia adipisci a dolorem praesentium. Nesciunt qui necessitatibus nostrum qui beatae.', 2, '2020-03-17 13:10:29', '2020-03-17 13:10:29'),
(176, 1, 'Adell Feest', 'Odit ullam veniam nulla iste laborum porro voluptas non. Itaque sequi aut est quia cum officia aut. Saepe qui reprehenderit dicta necessitatibus tenetur sed. Dolor illum ut eum est.', 5, '2020-03-17 13:10:29', '2020-03-17 13:10:29'),
(177, 14, 'Mrs. Darlene Langosh II', 'Nihil quaerat quod omnis dolorem id aut. Eveniet officia animi possimus odio at et odit. Tempora est voluptatibus sed laudantium.', 4, '2020-03-17 13:10:29', '2020-03-17 13:10:29'),
(178, 19, 'Mrs. Freda Kub', 'Est non commodi et aut. Aut ipsa sed est reiciendis sit neque. Repudiandae quod commodi doloribus aut eaque voluptatem et.', 2, '2020-03-17 13:10:29', '2020-03-17 13:10:29'),
(179, 28, 'Daryl Macejkovic', 'Asperiores qui atque sit. Sed necessitatibus totam aut ad qui. Odit et pariatur rem repudiandae officia.', 3, '2020-03-17 13:10:29', '2020-03-17 13:10:29'),
(180, 11, 'Piper Torphy', 'Accusamus delectus ut cumque inventore. Voluptate quaerat qui porro praesentium ullam. Aperiam et qui non dolores. Et dolorum reiciendis omnis consequuntur.', 1, '2020-03-17 13:10:29', '2020-03-17 13:10:29'),
(181, 43, 'Mr. Sven Glover DVM', 'Perspiciatis corrupti accusamus assumenda odit cupiditate sit voluptas. Omnis nam ut dolorem a non accusamus et numquam. Fuga blanditiis unde ducimus aut.', 4, '2020-03-17 13:10:29', '2020-03-17 13:10:29'),
(182, 28, 'Mauricio Reinger II', 'Ut vero aspernatur est. Natus placeat quae quo modi iste. Ut iusto laudantium neque asperiores nihil natus ut. Harum officiis doloribus sit.', 4, '2020-03-17 13:10:29', '2020-03-17 13:10:29'),
(183, 33, 'Ms. Shemar Crist IV', 'Aliquid porro quas nihil sapiente sint dolorem. Fugiat mollitia dolore placeat reprehenderit. Deleniti repellat ex pariatur est voluptas. Laudantium in eum tempora qui et nihil.', 4, '2020-03-17 13:10:29', '2020-03-17 13:10:29'),
(184, 49, 'Mr. Vern Rohan I', 'Suscipit ut dolor autem quibusdam. Et deserunt accusamus accusamus nulla voluptate repellat ad. Minus esse dolor nemo amet quia sed.', 1, '2020-03-17 13:10:29', '2020-03-17 13:10:29'),
(185, 16, 'Lavina Deckow', 'Et dolor nobis nemo dolor iure provident enim. Commodi quidem consequatur voluptatem. Harum aut atque sit quidem autem voluptatem.', 1, '2020-03-17 13:10:29', '2020-03-17 13:10:29'),
(186, 42, 'Makayla Greenfelder', 'Libero doloribus qui ab omnis delectus. Est repellat voluptatem expedita natus quia vero.', 4, '2020-03-17 13:10:29', '2020-03-17 13:10:29'),
(187, 3, 'Eloise Price', 'Nesciunt voluptatem aut dolor minus. Aut et suscipit doloribus fuga. Odio et in dignissimos nam non.', 1, '2020-03-17 13:10:29', '2020-03-17 13:10:29'),
(188, 21, 'Willis Sanford', 'Omnis reprehenderit deleniti officia voluptas qui quisquam aspernatur. Non eos molestias nulla nemo libero rerum et. Cupiditate officiis illo sunt.', 1, '2020-03-17 13:10:29', '2020-03-17 13:10:29'),
(189, 26, 'Prof. Abel Kilback', 'Ut qui nam culpa quos vel. Neque doloribus commodi incidunt sequi neque. Maiores ad reprehenderit voluptate repudiandae rerum mollitia. Mollitia molestias totam itaque expedita earum perferendis.', 0, '2020-03-17 13:10:29', '2020-03-17 13:10:29'),
(190, 24, 'Dr. Ramona Bayer MD', 'Delectus tempore aliquam architecto. Suscipit rerum ab architecto magnam et. Repellat ut amet et.', 1, '2020-03-17 13:10:29', '2020-03-17 13:10:29'),
(191, 39, 'Katharina Kessler', 'Ut eaque itaque quas illum facere. Sit eligendi tempore sit odit possimus. Aut corrupti deserunt provident praesentium consequuntur voluptatem iure alias.', 1, '2020-03-17 13:10:29', '2020-03-17 13:10:29'),
(192, 10, 'Thaddeus Parisian', 'Eius eaque et consectetur. Possimus totam iure totam labore ut et nihil. Ut et eaque veniam sit. Accusamus at laborum pariatur commodi.', 3, '2020-03-17 13:10:29', '2020-03-17 13:10:29'),
(193, 10, 'Robbie Gulgowski', 'Et dolor voluptas consequatur in pariatur voluptatem sint. Quisquam quia facere et voluptas dolor. Id soluta repudiandae nihil cum rerum quia repudiandae.', 0, '2020-03-17 13:10:29', '2020-03-17 13:10:29'),
(194, 40, 'Odessa Dibbert', 'Ut voluptatem est natus excepturi minus quo illo recusandae. Expedita magni qui dolor ut recusandae. Reiciendis fuga dolor sed aut.', 2, '2020-03-17 13:10:29', '2020-03-17 13:10:29'),
(195, 34, 'Justus Gerlach', 'Hic iusto ut neque non est explicabo. Debitis voluptatem architecto sit. Id cum iusto repellendus quis maxime. Enim error dolores quis. Eligendi et et et.', 3, '2020-03-17 13:10:29', '2020-03-17 13:10:29'),
(196, 21, 'August Cole', 'Occaecati occaecati voluptatibus eaque accusantium iste. Enim vero eius id odio sint totam iusto. Consequatur qui eos incidunt sunt.', 4, '2020-03-17 13:10:29', '2020-03-17 13:10:29'),
(197, 50, 'Chasity Bradtke', 'Voluptates voluptatem dolorem hic enim aspernatur et blanditiis a. Animi distinctio natus explicabo quam accusantium nostrum voluptatem. Adipisci excepturi ipsam omnis magnam velit. Ex repudiandae et reiciendis rerum non.', 0, '2020-03-17 13:10:29', '2020-03-17 13:10:29'),
(198, 9, 'Mrs. Alba Rutherford', 'Rem cumque est suscipit eum. Occaecati pariatur sint eos vitae. Molestiae possimus beatae eos minus hic magni et. Ut dolor in et natus amet magni sit.', 2, '2020-03-17 13:10:29', '2020-03-17 13:10:29'),
(199, 21, 'Judah Mills', 'Minus non dolor illo quia voluptas. Sit amet et iusto sint exercitationem. Ut sapiente quia ut consequatur. Aut aut adipisci voluptas quibusdam et occaecati.', 2, '2020-03-17 13:10:29', '2020-03-17 13:10:29'),
(200, 46, 'Mrs. Tina Fisher Sr.', 'Similique earum et autem laborum. Eos optio dolorum et porro minus eos. Itaque expedita qui quia nemo sed. Illum quos sapiente sed perspiciatis consequuntur deserunt eum.', 4, '2020-03-17 13:10:29', '2020-03-17 13:10:29'),
(201, 50, 'Weston Heathcote', 'At adipisci sunt accusamus odit repellat est inventore est. Consequatur omnis distinctio temporibus delectus dicta. Sit quae ullam aut architecto ullam ut.', 3, '2020-03-17 13:10:29', '2020-03-17 13:10:29'),
(202, 9, 'Naomi Toy', 'Eum delectus delectus voluptatum rerum dicta eum. Ea recusandae et eos temporibus nostrum ab nostrum illo. Aliquam culpa sed debitis a. Eos magnam temporibus eum accusantium iure. Nisi aut officiis nisi repellat.', 2, '2020-03-17 13:10:29', '2020-03-17 13:10:29'),
(203, 27, 'Melvina Dicki V', 'Deleniti delectus et dolores sed. Deserunt velit odio sunt voluptatem. Similique officiis repellendus ut at dolore.', 3, '2020-03-17 13:10:29', '2020-03-17 13:10:29'),
(204, 49, 'Walton Heaney', 'Ut aut sed nulla quidem. Distinctio quasi dicta est. Impedit quo unde magnam quia. Qui aut modi est labore.', 1, '2020-03-17 13:10:29', '2020-03-17 13:10:29'),
(205, 33, 'Melyssa Hamill', 'Consectetur quis assumenda blanditiis omnis. Voluptatem error ipsam id aut.', 3, '2020-03-17 13:10:29', '2020-03-17 13:10:29'),
(206, 29, 'Elijah Legros', 'Dignissimos deserunt dolorum nulla blanditiis qui quia. Aperiam ad ex et quidem. Iure dolores eos unde debitis.', 0, '2020-03-17 13:10:29', '2020-03-17 13:10:29'),
(207, 28, 'Felicita Rogahn', 'Esse tempore perferendis possimus officiis necessitatibus aut. Ducimus neque debitis autem.', 4, '2020-03-17 13:10:29', '2020-03-17 13:10:29'),
(208, 32, 'Dariana Ryan', 'Omnis laborum ut voluptates delectus quidem et quis sapiente. Similique minus numquam maxime quam repudiandae dolorem eum aut. Beatae porro id maiores laborum. Beatae ex minima numquam voluptas.', 2, '2020-03-17 13:10:29', '2020-03-17 13:10:29'),
(209, 24, 'Prof. Alejandra Pfannerstill', 'Molestiae quia nisi ducimus soluta blanditiis nulla velit. Repellendus rem exercitationem et possimus ab laudantium ratione. Eius enim ut sit et rerum sed distinctio. Quae pariatur mollitia vel nisi.', 5, '2020-03-17 13:10:29', '2020-03-17 13:10:29'),
(210, 44, 'Elta Ledner DVM', 'Minima nulla quia quia qui dolorem. Odit ut in veritatis qui in quo maxime. Iste dolores illo quam repellendus optio. Nulla cumque consequatur numquam.', 0, '2020-03-17 13:10:29', '2020-03-17 13:10:29'),
(211, 38, 'Nella Pouros', 'Ipsa ut voluptates eius quia recusandae voluptatum dolores. Nihil sed autem itaque quidem commodi asperiores qui nihil.', 4, '2020-03-17 13:10:29', '2020-03-17 13:10:29'),
(212, 38, 'Ramona Barton Jr.', 'Nihil soluta est quisquam rerum. Excepturi suscipit et sit est cum. Aliquid incidunt temporibus pariatur non facere molestiae in repellendus.', 3, '2020-03-17 13:10:29', '2020-03-17 13:10:29');
INSERT INTO `reviews` (`id`, `product_id`, `customer`, `review`, `star`, `created_at`, `updated_at`) VALUES
(213, 49, 'Carolanne Kub', 'Officia consequatur ratione perferendis a. Est accusamus consequatur voluptatem sint dolores labore. Qui amet veritatis sit reiciendis et assumenda aliquam.', 3, '2020-03-17 13:10:29', '2020-03-17 13:10:29'),
(214, 32, 'Mrs. Esperanza Romaguera', 'Qui totam modi placeat nihil placeat aut. Reprehenderit ut qui magni ex enim. Voluptatem illo beatae nihil corporis dolorum. Ratione maiores maiores autem deserunt.', 1, '2020-03-17 13:10:29', '2020-03-17 13:10:29'),
(215, 13, 'Lamar Kilback IV', 'Optio rerum quibusdam id accusamus. Quidem ab in facilis nemo ut eum natus. Inventore eius nobis facere qui aut ab occaecati possimus.', 0, '2020-03-17 13:10:29', '2020-03-17 13:10:29'),
(216, 44, 'Dr. Fabian Boehm MD', 'Iure libero ad rerum enim ea cumque id. Itaque suscipit aut necessitatibus numquam. Ut reiciendis asperiores dignissimos ullam magni.', 4, '2020-03-17 13:10:29', '2020-03-17 13:10:29'),
(217, 35, 'Taylor Erdman', 'Natus consequatur culpa quia ab nulla a. Maxime et dolor aperiam et quia. Itaque nobis rerum consequatur vel adipisci. Dolorum magni ipsam sunt odit voluptatibus sunt aliquam ratione.', 2, '2020-03-17 13:10:29', '2020-03-17 13:10:29'),
(218, 18, 'Gail Romaguera', 'Explicabo nulla velit omnis nihil architecto. Dolores tenetur et modi voluptas deleniti. Similique quo at sed.', 3, '2020-03-17 13:10:29', '2020-03-17 13:10:29'),
(219, 39, 'Burnice Konopelski Jr.', 'Quidem aut non voluptatem illo eius. Unde magnam possimus rerum reiciendis minus. Provident sed asperiores temporibus voluptatem et error voluptates.', 3, '2020-03-17 13:10:29', '2020-03-17 13:10:29'),
(220, 30, 'Mrs. Mittie Sipes III', 'Ad nisi sed autem. Ut est ipsa aperiam perferendis. Qui eligendi hic quis aut. Incidunt similique dolorem ut commodi sunt quisquam.', 3, '2020-03-17 13:10:29', '2020-03-17 13:10:29'),
(221, 33, 'Nikko Green', 'Quasi ducimus rerum repudiandae explicabo dolorem id. Voluptas debitis nisi iure dolorem.', 4, '2020-03-17 13:10:29', '2020-03-17 13:10:29'),
(222, 24, 'Janessa Renner', 'Molestiae saepe dolore porro corrupti quibusdam. Odit dolorem voluptatibus aliquam maiores veniam. Quia non ab modi qui qui perspiciatis aut inventore.', 0, '2020-03-17 13:10:29', '2020-03-17 13:10:29'),
(223, 31, 'Noble Beer', 'Et mollitia quia deserunt et nostrum accusamus. Ut voluptatem pariatur et hic non asperiores. Debitis consequatur officiis iste ducimus ex eum non. Omnis iste debitis unde eligendi voluptatem voluptatem.', 0, '2020-03-17 13:10:29', '2020-03-17 13:10:29'),
(224, 38, 'Kale Klocko', 'Consequatur ipsa qui ut dolores. Commodi et vel eum non quae vel excepturi.', 0, '2020-03-17 13:10:29', '2020-03-17 13:10:29'),
(225, 14, 'Dr. Sven Blanda I', 'Non consequuntur veritatis ullam ipsum velit quia laborum. Qui porro debitis explicabo quasi ut repellat. Sed et dolorem eius aut corrupti.', 3, '2020-03-17 13:10:29', '2020-03-17 13:10:29'),
(226, 45, 'Anita Shields', 'Id qui molestiae quis porro natus nemo. Voluptate et vel est omnis eum earum error. Ut soluta maiores quae necessitatibus sed cupiditate ad quis. Dolorem veniam excepturi deserunt commodi cum. Illo consequatur consequatur ut iste recusandae ut.', 1, '2020-03-17 13:10:29', '2020-03-17 13:10:29'),
(227, 47, 'Roxanne Parker III', 'Necessitatibus magnam quia est fugiat. Voluptatibus alias fugiat fugit mollitia cupiditate sunt consequatur.', 4, '2020-03-17 13:10:29', '2020-03-17 13:10:29'),
(228, 40, 'Travon Kuhic', 'Quo enim perspiciatis voluptate tempora ea fugit possimus. Mollitia ut doloribus saepe. Voluptatem dicta id quis impedit omnis ut.', 2, '2020-03-17 13:10:29', '2020-03-17 13:10:29'),
(229, 39, 'Dr. Columbus Block', 'Eos non et voluptas mollitia ea et. Est iste modi repellendus sed accusamus repellat eum. Est modi necessitatibus nulla quidem. Consectetur aperiam ut consequatur quis alias.', 1, '2020-03-17 13:10:29', '2020-03-17 13:10:29'),
(230, 35, 'Prof. Dorthy Rau IV', 'Eligendi iusto exercitationem quia accusantium iure consequatur voluptas. Inventore necessitatibus deleniti tenetur nihil illo assumenda reprehenderit natus. Aspernatur eius cupiditate voluptatibus dolores qui.', 5, '2020-03-17 13:10:29', '2020-03-17 13:10:29'),
(231, 18, 'Prof. Mortimer Friesen', 'Minima dolor excepturi illo consequatur consequatur tempore a. Alias aut sed facilis autem aspernatur. Esse accusantium dolorum illum voluptatem accusantium quia voluptatem.', 1, '2020-03-17 13:10:29', '2020-03-17 13:10:29'),
(232, 44, 'Madie Davis', 'Natus autem eum vitae culpa. Et et voluptas eos et sed ut molestias. Animi tempore eos labore necessitatibus ratione minima. Maxime ab in ut cum sit perferendis cum.', 2, '2020-03-17 13:10:29', '2020-03-17 13:10:29'),
(233, 2, 'Shanon Zboncak', 'Perspiciatis iure tempora quia quo. Aut consequuntur mollitia voluptatum tempora. Voluptatem sunt veritatis id non quia.', 2, '2020-03-17 13:10:29', '2020-03-17 13:10:29'),
(234, 26, 'Rosetta Herman', 'Consequatur doloribus ipsa sint ab. Unde aut dolorum inventore quaerat. Ipsum nobis voluptas est adipisci aperiam. Debitis aut itaque veritatis modi dignissimos omnis aut assumenda.', 5, '2020-03-17 13:10:29', '2020-03-17 13:10:29'),
(235, 46, 'Magnolia Kirlin', 'Iure aliquid perferendis velit aut deserunt. Expedita voluptatem qui rerum asperiores. Culpa ut sint tempora est autem voluptates qui. Minima omnis est architecto unde. Ab perferendis ea quia et rerum quae iusto.', 4, '2020-03-17 13:10:29', '2020-03-17 13:10:29'),
(236, 19, 'Vida Green', 'Inventore labore voluptatem nam odit iusto dolore. Excepturi dolorum autem qui ad. Minima ipsum occaecati voluptatem aspernatur laboriosam sed nostrum. Culpa eius illum dolorem est est. Non et quis id voluptate.', 5, '2020-03-17 13:10:29', '2020-03-17 13:10:29'),
(237, 49, 'Dr. Duncan Strosin', 'Libero rerum ducimus quia sint error consequatur. In ullam eius cum qui praesentium rerum ut beatae. Deserunt a fugiat molestiae maiores magnam omnis dolorem voluptatem.', 0, '2020-03-17 13:10:29', '2020-03-17 13:10:29'),
(238, 39, 'Prof. Derrick Kirlin', 'Quaerat necessitatibus quibusdam qui laudantium. Nemo voluptatum totam et rerum est ut expedita. Fuga voluptate eum est et eos deserunt. Ut ad omnis nihil saepe nam aliquam quas nihil.', 1, '2020-03-17 13:10:29', '2020-03-17 13:10:29'),
(239, 4, 'Prof. Patricia Anderson', 'Ut iure quas quidem rerum. Est ea qui voluptatem molestias quam et. Exercitationem magnam voluptatem voluptatem molestias. Laborum ex et vitae.', 1, '2020-03-17 13:10:29', '2020-03-17 13:10:29'),
(240, 25, 'Dr. Deshawn Moore', 'Quibusdam maiores ipsa ut modi sit odit sed. Est exercitationem totam et et laborum quo cum.', 0, '2020-03-17 13:10:29', '2020-03-17 13:10:29'),
(241, 33, 'Davon Barton', 'Tempore maxime beatae et omnis quo eius amet qui. Ut enim sed impedit officiis. Molestiae nam in veritatis repellat iusto quasi qui deleniti. Natus est porro est laborum amet ut vitae.', 1, '2020-03-17 13:10:29', '2020-03-17 13:10:29'),
(242, 42, 'Melyssa Kris', 'Dolores expedita quo id fugiat nulla. Minima laborum cumque consequuntur fuga. Reprehenderit ut omnis doloremque earum cupiditate rerum.', 0, '2020-03-17 13:10:29', '2020-03-17 13:10:29'),
(243, 37, 'Lysanne Greenfelder', 'Alias esse tempora praesentium ipsa placeat debitis ipsa. Aut repudiandae inventore sed omnis non qui omnis consequatur. Rem fuga aut enim tempora vel. Sint vel et deserunt quibusdam ipsam.', 3, '2020-03-17 13:10:29', '2020-03-17 13:10:29'),
(244, 9, 'Cole Leannon', 'Quis excepturi quod harum maxime. Delectus laboriosam omnis voluptatum modi. Quia quasi labore deserunt sunt. Accusamus velit voluptates dignissimos corrupti.', 3, '2020-03-17 13:10:29', '2020-03-17 13:10:29'),
(245, 49, 'Mrs. Thea Barton IV', 'Quidem aliquid eligendi a quia voluptas. Minima eos eum saepe at fugit. Assumenda facere dolorum nulla. Voluptates blanditiis quo ut ut ea vel deserunt sit.', 4, '2020-03-17 13:10:29', '2020-03-17 13:10:29'),
(246, 38, 'Wilton Schroeder', 'Neque ab praesentium explicabo et alias maxime omnis. Ut adipisci et adipisci accusamus explicabo reiciendis.', 1, '2020-03-17 13:10:29', '2020-03-17 13:10:29'),
(247, 37, 'Mr. Abraham Russel MD', 'Doloremque officiis perferendis repudiandae in. Nemo quo sint consequatur ut aliquam iste. Mollitia dolor beatae illo incidunt. Sequi id aut magnam a sunt perferendis. Aut asperiores dolorem rerum et in.', 0, '2020-03-17 13:10:29', '2020-03-17 13:10:29'),
(248, 42, 'Jeramie Bernier', 'Explicabo omnis est sed maxime laborum ex provident. Occaecati eligendi expedita ducimus asperiores rem. Aperiam sint hic ex fuga.', 4, '2020-03-17 13:10:29', '2020-03-17 13:10:29'),
(249, 11, 'Juana Collier', 'Cum necessitatibus iure quo et. Est voluptatem quas consectetur. Fugiat ex quidem doloremque qui autem est sed aut.', 1, '2020-03-17 13:10:29', '2020-03-17 13:10:29'),
(250, 16, 'Prof. Margot Shanahan IV', 'Delectus omnis mollitia consequatur nobis provident officia impedit. Laudantium velit exercitationem qui officia molestias sunt reiciendis soluta. Pariatur perspiciatis fugit qui fugiat. Expedita quia id qui eligendi itaque illo sunt.', 0, '2020-03-17 13:10:29', '2020-03-17 13:10:29'),
(251, 32, 'Bradley Upton DVM', 'Voluptate vel aperiam sint ullam voluptas magnam hic. Nihil corporis distinctio alias quidem. Quaerat libero atque sed voluptates minima qui eum.', 4, '2020-03-17 13:10:29', '2020-03-17 13:10:29'),
(252, 5, 'Humberto Wisozk', 'Unde omnis itaque est ut deserunt. Perspiciatis similique voluptatem enim eos est porro similique. Nemo veritatis ut inventore nulla. Optio qui exercitationem totam alias consectetur sequi.', 0, '2020-03-17 13:10:29', '2020-03-17 13:10:29'),
(253, 10, 'Eliane Nader', 'Eum labore quibusdam soluta explicabo sit quas pariatur. Quibusdam molestias nihil fuga dolorem. Beatae et ea dolores ipsum autem voluptas fugiat. Exercitationem voluptatem nihil rerum sint.', 1, '2020-03-17 13:10:29', '2020-03-17 13:10:29'),
(254, 43, 'Annalise Kulas', 'Ut iure et nostrum nesciunt esse et esse. Aut velit quod fugiat esse corrupti consequatur. Repellat qui atque officiis quibusdam minima cupiditate.', 3, '2020-03-17 13:10:29', '2020-03-17 13:10:29'),
(255, 19, 'Jodie Hirthe MD', 'Est sed modi rem velit est. Itaque maiores eius ut sed nisi consectetur. Nobis molestias sint a officia dolore. Sit reprehenderit sed perspiciatis repellendus. Id ea repellat quos doloribus molestiae labore similique.', 3, '2020-03-17 13:10:29', '2020-03-17 13:10:29'),
(256, 4, 'Braeden Beer', 'Alias et est soluta quia dolorum quaerat fugit. Ipsam et consequatur saepe quia ut adipisci. Distinctio a eum magnam perferendis sed est quo quia.', 2, '2020-03-17 13:10:29', '2020-03-17 13:10:29'),
(257, 10, 'Laurence Dickens', 'Tempore veniam enim nulla. Reiciendis non eligendi eum eos autem. Blanditiis iste aliquid ut.', 4, '2020-03-17 13:10:29', '2020-03-17 13:10:29'),
(258, 14, 'Zelda Robel', 'Suscipit dolores et non quasi. Quis alias nulla dolor nulla. Architecto voluptate velit ratione accusamus. Nam officiis qui aut libero occaecati eligendi est.', 3, '2020-03-17 13:10:29', '2020-03-17 13:10:29'),
(259, 49, 'Dr. Cornell Kilback', 'Maxime vel nostrum aperiam adipisci quisquam tenetur voluptatem. Laboriosam et eius dignissimos vel eum provident. Quia dicta quod praesentium deserunt est voluptatem. Culpa culpa nostrum voluptatem itaque alias eligendi debitis.', 1, '2020-03-17 13:10:29', '2020-03-17 13:10:29'),
(260, 23, 'Dr. Hipolito Runolfsson', 'Iure eaque quia dolorem ipsam et. Non odio facilis explicabo atque. Et consequatur ut qui odit officia debitis architecto vel.', 2, '2020-03-17 13:10:29', '2020-03-17 13:10:29'),
(261, 23, 'Caleb Hammes', 'Sit harum et et aut. Enim doloribus dolorem quidem qui quia. Dolor id aut eligendi.', 3, '2020-03-17 13:10:29', '2020-03-17 13:10:29'),
(262, 16, 'Mr. Maximo Runolfsdottir', 'Placeat harum et adipisci similique ut ea modi ut. Dolores est eveniet et ut est eveniet voluptas. Sapiente veniam dolor quis unde molestiae et. Veritatis possimus vitae odio.', 4, '2020-03-17 13:10:29', '2020-03-17 13:10:29'),
(263, 48, 'Yasmin Green', 'Voluptates officiis impedit dignissimos dicta dolorem ipsa nihil. Illo asperiores quidem delectus tempore eos. Porro autem esse sequi.', 0, '2020-03-17 13:10:29', '2020-03-17 13:10:29'),
(264, 14, 'Eli Miller', 'In dolor necessitatibus accusantium excepturi consequuntur eveniet veniam. Qui illum repellat ea id quo delectus.', 5, '2020-03-17 13:10:29', '2020-03-17 13:10:29'),
(265, 27, 'Dr. Soledad Kerluke I', 'Nulla ipsa saepe in amet doloremque corporis. Est modi voluptas enim quo. Voluptatem rerum impedit laboriosam quidem qui voluptatem nam. Corrupti cupiditate dicta explicabo veritatis vel. Unde et fuga iure autem eum.', 1, '2020-03-17 13:10:29', '2020-03-17 13:10:29'),
(266, 40, 'Mr. Thad Wehner Sr.', 'Reprehenderit sunt odit facere sit enim. A commodi hic ea nam. Eaque omnis excepturi omnis perspiciatis nisi. Nemo ullam culpa asperiores sit laudantium.', 2, '2020-03-17 13:10:29', '2020-03-17 13:10:29'),
(267, 46, 'Emelie Leffler', 'A impedit velit fugit dicta ad. Debitis libero rerum id quis. Laborum asperiores necessitatibus accusamus consequuntur. Omnis animi fugit ullam alias nihil facilis dolores.', 3, '2020-03-17 13:10:29', '2020-03-17 13:10:29'),
(268, 22, 'Juliana Rosenbaum', 'In qui non eius soluta nihil expedita. Rem modi error repellendus itaque cum voluptatum. Officia voluptatem quam sed et odio qui dolor non. Laborum modi nulla beatae ullam.', 5, '2020-03-17 13:10:29', '2020-03-17 13:10:29'),
(269, 1, 'Santiago Padberg V', 'Et voluptatibus voluptatem ipsa maxime ut iure. Animi est blanditiis voluptas optio ea tenetur deserunt. Maxime voluptatibus aut odio sint nulla. Dolor iste enim voluptatem aut distinctio quidem.', 3, '2020-03-17 13:10:29', '2020-03-17 13:10:29'),
(270, 38, 'Mr. Selmer Stracke I', 'Sunt optio tenetur fugiat voluptas ab suscipit. Nobis iure architecto eius.', 2, '2020-03-17 13:10:29', '2020-03-17 13:10:29'),
(271, 5, 'Kiarra Schaefer', 'Vero et ut sapiente dicta possimus temporibus. Similique ipsum est earum harum consectetur quis omnis. Qui molestias magni optio dolorum. Sit impedit similique illo natus recusandae quia quam.', 4, '2020-03-17 13:10:29', '2020-03-17 13:10:29'),
(272, 43, 'Jaime Nienow MD', 'Incidunt enim nulla velit totam. Accusantium rem voluptatibus neque accusamus aut. Expedita cum et ut sit ut. Architecto magni vero nesciunt.', 1, '2020-03-17 13:10:29', '2020-03-17 13:10:29'),
(273, 29, 'Esmeralda Schowalter', 'Nobis nobis itaque harum dolores. Quisquam nobis quas deserunt quae recusandae voluptatum. Nemo expedita ut et et debitis.', 4, '2020-03-17 13:10:29', '2020-03-17 13:10:29'),
(274, 35, 'Dr. Rey Cruickshank I', 'Aut quis dicta alias eos. Est incidunt vel voluptatem sunt magnam consectetur corporis. Est voluptatibus est deleniti dicta.', 5, '2020-03-17 13:10:29', '2020-03-17 13:10:29'),
(275, 3, 'Mallie Marquardt', 'Aut animi minima doloribus voluptatem laudantium numquam. Ipsam aut aut accusantium error. Et rerum quia voluptas quia cupiditate. Dolor architecto facere amet ad reprehenderit. Animi reprehenderit iusto harum est aut doloremque labore voluptatibus.', 2, '2020-03-17 13:10:29', '2020-03-17 13:10:29'),
(276, 4, 'Mr. Kale Donnelly', 'Totam atque doloremque ducimus et qui sed cum. Vel omnis in a rem ut laboriosam est. Doloribus magni et nobis consectetur et voluptas non. Aut voluptatem ducimus animi et laudantium non facere.', 4, '2020-03-17 13:10:29', '2020-03-17 13:10:29'),
(277, 16, 'Guadalupe Green III', 'A et numquam omnis pariatur alias. Quis quo debitis animi nam impedit libero. Vero expedita nesciunt et. Nihil voluptates consequatur aut optio.', 0, '2020-03-17 13:10:29', '2020-03-17 13:10:29'),
(278, 48, 'Alexandro Borer', 'Et dolor et eligendi. Cumque consequatur magnam rerum iste vitae.', 1, '2020-03-17 13:10:29', '2020-03-17 13:10:29'),
(279, 15, 'Clinton Paucek', 'Consequatur laboriosam voluptatem et soluta facere doloremque voluptate. Aut nam labore atque vel est molestiae reiciendis.', 1, '2020-03-17 13:10:29', '2020-03-17 13:10:29'),
(280, 33, 'Caitlyn Boyle', 'Vero eaque et aut iure. Ullam quos nesciunt quia nisi qui quis qui. Assumenda doloribus quam sequi iure suscipit. Nihil in sunt est.', 4, '2020-03-17 13:10:29', '2020-03-17 13:10:29'),
(281, 29, 'Rowena Marvin', 'Et sit voluptas ut doloremque ipsa assumenda magni. Dolor id quaerat magnam omnis quisquam. Est voluptatem debitis velit molestiae sequi. Voluptatem aut nihil qui inventore explicabo et.', 0, '2020-03-17 13:10:29', '2020-03-17 13:10:29'),
(282, 8, 'Mr. Scottie O\'Hara', 'Dicta quo iusto qui tenetur. Itaque ea consequatur aut blanditiis tenetur iure dolores. Neque sed qui sit velit beatae repellat.', 2, '2020-03-17 13:10:29', '2020-03-17 13:10:29'),
(283, 44, 'Emilio Mohr', 'Dolorem dolorum voluptas quia illum veniam libero vitae accusantium. Atque nisi dolorum nulla repellat accusamus sint.', 5, '2020-03-17 13:10:29', '2020-03-17 13:10:29'),
(284, 8, 'Mrs. Karina Effertz II', 'Perferendis recusandae ipsam facilis et. Saepe qui accusamus tempore laboriosam veritatis velit maxime. Minima doloremque ea tenetur et eligendi officia. Est molestiae mollitia unde quae.', 0, '2020-03-17 13:10:29', '2020-03-17 13:10:29'),
(285, 49, 'Ryder Wisozk', 'Omnis molestias cupiditate ab. Maiores delectus ea aut nulla. Labore eligendi nesciunt natus a.', 3, '2020-03-17 13:10:29', '2020-03-17 13:10:29'),
(286, 17, 'Bertha McGlynn', 'Quia qui qui nostrum quia est enim soluta qui. Nostrum cum reiciendis incidunt corporis vitae explicabo. Error nihil consequatur ut eos.', 5, '2020-03-17 13:10:29', '2020-03-17 13:10:29'),
(287, 39, 'Mr. Durward Price', 'Eligendi iusto magnam ipsum non. Facilis dignissimos est eos nesciunt hic qui quo. Hic et recusandae voluptas est in illo omnis. Similique provident quis in debitis.', 0, '2020-03-17 13:10:29', '2020-03-17 13:10:29'),
(288, 24, 'Mr. Karley Quitzon V', 'Qui voluptas velit asperiores ut illum praesentium debitis. Magnam omnis quae delectus voluptas eos. Eius minima tenetur maxime.', 2, '2020-03-17 13:10:29', '2020-03-17 13:10:29'),
(289, 44, 'Hailie Buckridge', 'Quia corporis quos aspernatur aliquid placeat modi. Accusamus sit tempore quia tenetur vel porro amet quasi. Aut voluptas enim quod ut.', 5, '2020-03-17 13:10:29', '2020-03-17 13:10:29'),
(290, 32, 'Elliott Jacobi Sr.', 'Et vel amet dolorem doloribus voluptatibus. Ut iste maiores est illum accusamus ratione voluptas asperiores. Ipsa vero in nam quae provident.', 5, '2020-03-17 13:10:29', '2020-03-17 13:10:29'),
(291, 35, 'Zoe Corwin', 'Sed nemo sunt atque laudantium dolor fugit rerum. Sed distinctio cum qui mollitia magnam cumque minus. Sit voluptas animi alias corrupti eligendi ab aliquid.', 4, '2020-03-17 13:10:29', '2020-03-17 13:10:29'),
(292, 26, 'Athena Bogisich II', 'Accusantium corrupti magni qui magni asperiores voluptas nemo. Iure animi corporis sed sed impedit ipsam. Similique placeat similique eius voluptas voluptatem officiis modi. Impedit quidem sed nulla harum magnam consectetur.', 5, '2020-03-17 13:10:29', '2020-03-17 13:10:29'),
(293, 34, 'Allison Dickinson', 'Laudantium autem iste dolorum. Quam voluptatibus deserunt id voluptatum ut. Minus modi commodi repellendus nulla adipisci. Placeat sint repellendus sed non.', 4, '2020-03-17 13:10:29', '2020-03-17 13:10:29'),
(294, 36, 'Erika O\'Keefe', 'Facilis consequatur aut magnam sit illum. Cumque inventore commodi ducimus dolorem. Aut odit nulla aliquid eos veritatis magni iste.', 5, '2020-03-17 13:10:29', '2020-03-17 13:10:29'),
(295, 15, 'Ursula Roberts', 'Distinctio quae enim est. Fugit distinctio doloribus animi. Blanditiis at qui voluptatum voluptas. Quas atque sed nobis nostrum quaerat.', 3, '2020-03-17 13:10:29', '2020-03-17 13:10:29'),
(296, 45, 'Bailey Grimes', 'Dignissimos officia quaerat et. Atque id quae et ipsa vel molestiae autem. Dolorum sit officia id veritatis. Odit consequatur ducimus commodi et aut nostrum.', 5, '2020-03-17 13:10:29', '2020-03-17 13:10:29'),
(297, 10, 'Cristal Dibbert', 'Sit recusandae sit quas distinctio enim voluptatem adipisci. Rerum animi ab cupiditate eum suscipit qui eos. Assumenda alias deserunt molestias qui excepturi voluptatum. Fuga inventore reiciendis dolorem nostrum. Similique asperiores dicta a qui facilis.', 1, '2020-03-17 13:10:29', '2020-03-17 13:10:29'),
(298, 33, 'Kyleigh Daugherty V', 'Eos dolores ut quia. Corrupti non consequuntur quo nihil quae. Dolorem sint sed sint eaque nam neque minima incidunt.', 4, '2020-03-17 13:10:29', '2020-03-17 13:10:29'),
(299, 11, 'Helga Nolan', 'Sunt ex quas perferendis. Dicta eius consequatur autem voluptatem aliquam non. Eaque consequatur ipsa debitis. Et nihil nam accusamus enim.', 1, '2020-03-17 13:10:29', '2020-03-17 13:10:29'),
(300, 22, 'David Lemke', 'Magnam ratione animi minus quia blanditiis dolorem. Et dolores necessitatibus veritatis doloremque nisi. Nisi non eius unde delectus corporis facilis maiores. Deserunt temporibus quia esse similique rerum quo dolorem. Quia molestiae autem quia est vero id.', 4, '2020-03-17 13:10:29', '2020-03-17 13:10:29');

-- --------------------------------------------------------

--
-- Table structure for table `users`
--

CREATE TABLE `users` (
  `id` bigint(20) UNSIGNED NOT NULL,
  `name` varchar(255) COLLATE utf8mb4_unicode_ci NOT NULL,
  `email` varchar(255) COLLATE utf8mb4_unicode_ci NOT NULL,
  `email_verified_at` timestamp NULL DEFAULT NULL,
  `password` varchar(255) COLLATE utf8mb4_unicode_ci NOT NULL,
  `remember_token` varchar(100) COLLATE utf8mb4_unicode_ci DEFAULT NULL,
  `created_at` timestamp NULL DEFAULT NULL,
  `updated_at` timestamp NULL DEFAULT NULL
) ENGINE=InnoDB DEFAULT CHARSET=utf8mb4 COLLATE=utf8mb4_unicode_ci;

--
-- Dumping data for table `users`
--

INSERT INTO `users` (`id`, `name`, `email`, `email_verified_at`, `password`, `remember_token`, `created_at`, `updated_at`) VALUES
(1, 'Newell Legros', 'rohan.simeon@example.com', '2020-03-17 13:10:28', '$2y$10$92IXUNpkjO0rOQ5byMi.Ye4oKoEa3Ro9llC/.og/at2.uheWG/igi', 'UMsssEtctO', '2020-03-17 13:10:28', '2020-03-17 13:10:28'),
(2, 'Nadia Kassulke', 'berneice.bogisich@example.org', '2020-03-17 13:10:28', '$2y$10$92IXUNpkjO0rOQ5byMi.Ye4oKoEa3Ro9llC/.og/at2.uheWG/igi', 'njCyUW7DSM', '2020-03-17 13:10:28', '2020-03-17 13:10:28'),
(3, 'Arjun Crooks V', 'morar.catharine@example.com', '2020-03-17 13:10:28', '$2y$10$92IXUNpkjO0rOQ5byMi.Ye4oKoEa3Ro9llC/.og/at2.uheWG/igi', 'PXlADMK9pl', '2020-03-17 13:10:28', '2020-03-17 13:10:28'),
(4, 'Daphnee Klein', 'percy.yost@example.org', '2020-03-17 13:10:28', '$2y$10$92IXUNpkjO0rOQ5byMi.Ye4oKoEa3Ro9llC/.og/at2.uheWG/igi', 'VltrNQc2kY', '2020-03-17 13:10:28', '2020-03-17 13:10:28'),
(5, 'Aisha Pouros', 'cummings.alva@example.com', '2020-03-17 13:10:28', '$2y$10$92IXUNpkjO0rOQ5byMi.Ye4oKoEa3Ro9llC/.og/at2.uheWG/igi', 'ZiwGiNYsTp', '2020-03-17 13:10:28', '2020-03-17 13:10:28');

--
-- Indexes for dumped tables
--

--
-- Indexes for table `failed_jobs`
--
ALTER TABLE `failed_jobs`
  ADD PRIMARY KEY (`id`);

--
-- Indexes for table `migrations`
--
ALTER TABLE `migrations`
  ADD PRIMARY KEY (`id`);

--
-- Indexes for table `password_resets`
--
ALTER TABLE `password_resets`
  ADD KEY `password_resets_email_index` (`email`);

--
-- Indexes for table `products`
--
ALTER TABLE `products`
  ADD PRIMARY KEY (`id`),
  ADD KEY `products_user_id_index` (`user_id`);

--
-- Indexes for table `reviews`
--
ALTER TABLE `reviews`
  ADD PRIMARY KEY (`id`),
  ADD KEY `reviews_product_id_index` (`product_id`);

--
-- Indexes for table `users`
--
ALTER TABLE `users`
  ADD PRIMARY KEY (`id`),
  ADD UNIQUE KEY `users_email_unique` (`email`);

--
-- AUTO_INCREMENT for dumped tables
--

--
-- AUTO_INCREMENT for table `failed_jobs`
--
ALTER TABLE `failed_jobs`
  MODIFY `id` bigint(20) UNSIGNED NOT NULL AUTO_INCREMENT;

--
-- AUTO_INCREMENT for table `migrations`
--
ALTER TABLE `migrations`
  MODIFY `id` int(10) UNSIGNED NOT NULL AUTO_INCREMENT, AUTO_INCREMENT=6;

--
-- AUTO_INCREMENT for table `products`
--
ALTER TABLE `products`
  MODIFY `id` int(10) UNSIGNED NOT NULL AUTO_INCREMENT, AUTO_INCREMENT=51;

--
-- AUTO_INCREMENT for table `reviews`
--
ALTER TABLE `reviews`
  MODIFY `id` int(10) UNSIGNED NOT NULL AUTO_INCREMENT, AUTO_INCREMENT=301;

--
-- AUTO_INCREMENT for table `users`
--
ALTER TABLE `users`
  MODIFY `id` bigint(20) UNSIGNED NOT NULL AUTO_INCREMENT, AUTO_INCREMENT=6;

--
-- Constraints for dumped tables
--

--
-- Constraints for table `reviews`
--
ALTER TABLE `reviews`
  ADD CONSTRAINT `reviews_product_id_foreign` FOREIGN KEY (`product_id`) REFERENCES `products` (`id`) ON DELETE CASCADE;
COMMIT;

/*!40101 SET CHARACTER_SET_CLIENT=@OLD_CHARACTER_SET_CLIENT */;
/*!40101 SET CHARACTER_SET_RESULTS=@OLD_CHARACTER_SET_RESULTS */;
/*!40101 SET COLLATION_CONNECTION=@OLD_COLLATION_CONNECTION */;
